date,text,stock_tag,industry_tag,label
2025-10-20,纳斯达克中国金龙指数涨幅扩大，现涨1%，最新报8248.73点。,,"证券,汽车整车,半导体,专用机械",0
2025-10-20,阿根廷债券回吐涨幅，因互换协议未达市场预期。,,其他,0
2025-10-20,摩根士丹利：维持英特尔“与大盘持平” 评级；将其目标股价从每股 23 美元上调至每股 36 美元。,,机械基件,0
2025-10-20,【加拿大央行调查：尽管获得关税豁免，出口销售前景依然疲软】加拿大央行调查显示，尽管获得关税豁免，出口销售前景依然疲软。企业预计未来12个月销售增长不会增强。多数企业生产与劳动力产能充足。企业预计投入成本将加速上涨。投资意愿“远低于”长期平均水平。企业销售前景降至两年多来最低水平。,,"电气设备,汽车配件",2
2025-10-20,【俄罗斯侦查委员会就5亿卢布欺诈案立案】俄罗斯侦查委员会宣布，已就国防部项目在合同执行期间5亿卢布被侵吞的事实立案。调查发现，2022年俄国防部与多家商业机构签订的管道系统设备供应合同，遭到“南部军区工程建设局”分公司前总工程师拉普捷夫、“因特拉姆工业”有限责任公司总经理库拉诺夫及副手达拉里、“涅斯特”有限责任公司主管人员的不符合合同条件的设备操作，导致超过5亿卢布资金被侵吞。这些行为致使国家合同条款未能履行，给俄国防部带来特别重大损失。目前，侦查委员会的证据收集工作仍在进行中。（央视）,,"软件服务,通信设备,银行,专用机械",2
2025-10-20,【加拿大央行调查：钢铁与铝业公司称关税引发大规模裁员】加拿大央行调查称，企业在不确定性中选择维持而非扩张。消费者财务状况、支出计划略有改善。企业对未来一年的CPI预期现已略高于2024年末水平。企业预计成本将上升；需求疲软限制了价格上涨。消费者近期的CPI预期高于疫情前水平。企业对国内和出口销售的预期依然疲软。钢铁与铝业公司称关税引发大规模裁员。消费者认为劳动力市场正在下滑，公共部门是主要推动力。消费者计划购买本地商品，减少赴美旅游和商品消费。大多数企业计划明年不增加员工。消费者预计明年汽车价格将大幅上涨。对未来销售指标的预期差额为0，高于第二季度的-6。第三季度商业服务指标为-2.28，高于第二季度的-2.40（修正前为-2.42）。消费者对5年期通胀的预期已从第二季度的3.45%升至3.67%。33%的企业预计加拿大将在未来一年陷入衰退，高于第二季度的28%。18%的企业预计未来两年通胀将高于3%，低于第二季度的23%。27%的企业报告称，过去12个月的销售额出现直接下降，高于第二季度的24%。35%的企业预计未来12个月劳动力成本将下降，14%的企业认为劳动力成本将上升。企业投资将聚焦于维修，而非扩大产能。,,"电气设备,汽车配件",0
2025-10-20,知情人士称，泽连斯基将于周五前往伦敦参加“意愿联盟”活动。,,其他,0
2025-10-20,亚马逊云服务（AWS）：我们已看到连接问题出现初步恢复迹象，目前仍在持续调查问题根源。,,其他,0
2025-10-20,亚马逊云服务（AWS）：我们已确认多项亚马逊云服务在美国东部1区出现网络连接问题。,,其他,0
2025-10-20,法国巴黎银行（BNP）：正常交易与苏丹原告方之间不存在因果关系。,,其他,0
2025-10-20,加拿大央行调查：三分之二的消费者预计加拿大明年将陷入衰退。,,其他,0
2025-10-20,【全国劳动模范和大国工匠代表团访港】全国劳动模范和大国工匠代表团20日抵达香港，开展为期四天的访问交流。香港特区政府为代表团举行了欢迎仪式。代表团由中华全国总工会副主席魏地春担任团长，成员包括高凤林、洪家光、詹春珮、诸懿青、段江南、刘忠、杨俊等7位不同行业的杰出劳动者。他们均为全国劳动模范、全国先进工作者或“大国工匠”荣誉称号获得者，来自高端制造、人工智能、金融、航运、文化体育、餐饮服务等多个国家战略领域和重点民生行业。（新华社）,,"软件服务,铜,全国地产,区域地产,银行,机械基件,互联网",0
2025-10-20,斯洛伐克9月失业率为5.0%，8月为5.0%（市场预期为5.1%）。,,其他,0
2025-10-20,英伟达股价收复跌幅，上涨0.9%至盘中高点。,,其他,0
2025-10-20,恐慌指数VIX波动率日内跌幅达8.5%，报18.99；标普500指数涨超0.9%。,,其他,0
2025-10-20,俄罗斯外长称，就落实特朗普与普京通话中达成的共识可能采取的具体步骤进行了建设性讨论。,,"建筑工程,银行",0
2025-10-20,马克龙在斯洛伐克发表讲话时表示，本周五将在伦敦举行乌克兰意愿联盟会议。,,其他,0
2025-10-20,马克龙：乌克兰人必须参与特朗普与普京的会谈。,,其他,0
2025-10-20,俄罗斯外长拉夫罗夫与美国国务卿鲁比奥通电话。,,其他,0
2025-10-20,【群兴玩具：终止筹划重大资产重组】群兴玩具公告，公司于2025年2月27日披露了筹划重大资产重组的提示性公告，拟以现金方式收购杭州天宽科技有限公司不低于51%的股权。然而，因各方未能就交易价格、交易方案等相关核心条款达成一致，为切实维护各方及公司股东利益，公司同意终止本次重大资产重组事项。此次终止不会对公司现有生产经营活动、财务状况和战略发展造成重大不利影响。,002575.SZ,"电气设备,文教休闲,汽车配件,食品",0
2025-10-20,【以防长称将打击以军控制区内的任何哈马斯人员】财联社10月20日电，据央视新闻，以色列国防部长卡茨当地时间20日表示，他已指示以色列国防军通过美国主导的国际监督机制向加沙地带的哈马斯领导层传达一个明确的信息：凡在以色列控制区域内的任何哈马斯武装人员，必须立即撤离。任何留在该区域的人将成为攻击目标，不会再有进一步警告。以色列国防军20日表示，当天早些时候，以色列空军一架战斗机在加沙地带南部汗尤尼斯地区对数名接近以军部队的武装人员发动空袭，将其打死。按照加沙停火第一阶段协议相关条款，停火生效后，以军将在加沙地带重新部署，退至所谓的“黄线”，该区域仍占加沙大约53%的面积。,,"玻璃,软件服务,医药商业",0
2025-10-20,财联社10月20日电，现货黄金向上触及4300美元，日内上涨1.25%。,,其他,2
2025-10-20,【均胜电子：子公司新获汽车智能电动化项目定点 预计全生命周期订单总金额约50亿元】财联社10月20日电，均胜电子(600699.SH)公告称，子公司近期新获客户（限于保密要求，无法披露其名称，下同）项目定点通知，公司将为上述客户在全球范围内开发并提供一系列汽车智能电动化产品，包括智能辅助驾驶域控制器、智能座舱车载多联屏等产品，预计全生命周期订单总金额约50亿元，计划从2026年底开始量产。该定点项目预计不会对公司本年度经营业绩产生重大影响，但将有利于增厚公司未来年度业务收入。,600699.SH,"园区开发,电器仪表,汽车配件,机械基件,电气设备",0
2025-10-20,【国家知识产权局副局长卢鹏起会见瑞士罗氏集团董事会主席】财联社10月20日电，中国国家知识产权局副局长卢鹏起近日在京会见来访的瑞士罗氏集团董事会主席施万一行。卢鹏起表示，近年来，知识产权保护作为营商环境的一项重要内容，日益受到中外企业的关注。中国国家知识产权局始终坚持对内外资企业的知识产权一视同仁、依法同等保护，切实维护外商投资者合法权益。未来，中国国家知识产权局将继续秉持积极开放的态度，与各国权利人和利益相关方保持良好的交流。施万表示，知识产权是创新药企业生存与发展的核心竞争力。在中国不断完善的知识产权保护体系支撑下，越来越多的跨国制药企业对中国市场充满信心，不断深化本土化战略布局。罗氏集团将持续扩大在中国的研发投入，积极推动源自中国的医药创新成果惠及全球。,,"电气设备,铝,中成药,专用机械",0
2025-10-20,【胜宏科技：目前公司在手订单充足 业务进展顺利】财联社10月20日电，胜宏科技在互动平台表示，目前公司在手订单充足，业务进展顺利，订单生产和交付均在正常履行中。公司将严格按照监管相关规定履行信息披露义务，经营业绩情况请持续关注公司后续披露的定期报告。,300476.SZ,"软件服务,元器件",2
2025-10-20,【汇绿生态：宁波汇宁三月内已减持2.7% 减持计划实施完成】财联社10月20日电，汇绿生态(001267.SZ)公告称，持股18.54%的大股东实际控制人一致行动人宁波汇宁于2025年7月18日至2025年10月17日通过集中竞价及大宗交易累计减持2118.69万股，占公司总股本2.70%，减持计划已实施完成，持股降至1.24亿股，占15.81%。,001267.SZ,"汽车配件,建筑工程,文教休闲,食品",0
2025-10-20,财联社10月20日电，“人造肉第一股”Beyond Meat美股盘前大涨60%，该公司上个交易日收涨24%。,,医药商业,0
2025-10-20,财联社10月20日电，默沙东表示将投资700多亿美元扩大在美国的生产和研发。,,其他,0
2025-10-20,【特朗普指责哥伦比亚纵容毒品生产 哥召回驻美大使】财联社10月20日电，据央视新闻，当地时间20日，哥伦比亚外交部发表声明，哥外交部长罗莎·比利亚维森西奥向公众通报，哥伦比亚驻美国大使丹尼尔·加西亚- 佩纳已被总统佩特罗召回。19日美国总统特朗普指责哥伦比亚总统佩特罗纵容毒品生产，并宣布暂停对哥一切补贴，计划加征关税。对此哥伦比亚外交部发表声明，谴责美国总统特朗普发表对总统佩特罗的攻击性和贬损性言论。表示特朗普在毫无根据的情况下指责佩特罗，这是对哥伦比亚国家主权的直接威胁。,,"汽车整车,元器件",0
2025-10-20,【中国船舶：公司目前订单饱满 排期已至2028年底】财联社10月20日电，中国船舶在互动平台表示，公司目前生产经营情况正常，订单饱满，排期已至2028年底，部分已到2029年，公司将密切研判市场走势，把握市场特点规律，加强订单管理。,600150.SH,"船舶,专用机械",2
2025-10-20,【盐田港：拟2.11亿元参设深圳港弘盛海洋科技投资基金】财联社10月20日电，盐田港(000088.SZ)公告称，公司拟作为有限合伙人与关联方深圳港基金公司等共同投资设立深圳港弘盛海洋科技投资基金合伙企业（有限合伙），该基金总认缴出资金额为5.2亿元，公司以自有资金认缴出资2.11亿元，占基金总认缴出资金额的40.58%。该基金将响应“建设海洋强国”战略，通过资本赋能引导公司港口主业向海洋板块创新发展拓展。,000088.SZ,"化学制药,港口,银行,铝,元器件,小金属",2
2025-10-20,【上大股份：近期向下游客户成功交付“BEST”聚变实验堆用特种合金材料】财联社10月20日电，上大股份在互动平台表示，在核工程领域，目前公司已成功研制并交付核工程用超高纯不锈钢TP316H和TP316L锻棒件等多型技术要求高、性能指标突出的高端产品，应用于国内部分三、四代核工程项目；同时，公司近期研制并向下游客户成功交付“BEST”聚变实验堆用特种合金材料。,301522.SZ,"小金属,专用机械",2
2025-10-20,【保龄宝：股东趵朴富通拟减持不超过3%】财联社10月20日电，保龄宝(002286.SZ)公告称，持股7.10684%的股东宁波趵朴富通资产管理中心(有限合伙)计划自公告披露之日起15个交易日后的2025年11月11日至2026年2月10日，通过集中竞价和大宗交易方式合计减持不超过1141.7万股，占公司总股本3%。其中任意连续90日内大宗交易减持不超761.13万股，占2%；集中竞价减持不超380.57万股，占1%。,002286.SZ,"汽车配件,食品",0
2025-10-20,【香港暂停进口加拿大和法国部分地区禽肉及禽类产品】财联社10月20日电，香港食物环境卫生署食物安全中心（中心）今日（10月20日）宣布，因应世界动物卫生组织通报，指加拿大马尼托巴省Rural Municipality of Ste. Rose爆发高致病性H5N1禽流感，以及法国大西洋岸卢瓦尔省爆发高致病性H5禽流感，中心即时指示业界暂停从上述地区进口禽肉及禽类产品（包括禽蛋），以保障香港公众健康。中心发言人说，根据政府统计处的资料，香港今年首六个月并无从加拿大进口禽肉或禽蛋，同期香港从法国进口约400公吨冰鲜和冷藏禽肉及约2万只禽蛋。,600558.SH,"化学制药,钢加工",0
2025-10-20,【国创高新：子公司拟1.52亿元投建新材料研发基地项目】财联社10月20日电，国创高新(002377.SZ)公告称，公司全资子公司国创科技拟在湖北省鄂州市投资建设“国创高新新材料研发基地建设项目”，该项目投资总额预计约1.52亿元，结合实际分两期推进项目落地。近期国创科技拟实施“国创高新新材料研发基地建设项目一期”工程，投资额3960万元。待一期项目建成后，根据公司实际经营情况另行决定二期项目建设。,002377.SZ,"软件服务,其他建材,银行,水力发电,化工原料",0
2025-10-20,【扬杰科技：已有多项产品技术可用于人形机器人的小型关节电机及感知系统中】财联社10月20日电，扬杰科技在互动平台表示，目前，公司已有包括IGBT、MOSFET、ESD、TVS在内的多项产品技术，可用于人形机器人的小型关节电机、步进电机等电机驱动及感知系统中。该领域目前尚处于发展初期，相关收入占比相对较小，但为公司布局新兴市场奠定了良好基础。公司看好智能机器人产业的长期成长潜力，将持续推进相关产品研发与市场拓展。,"300373.SZ,300024.SZ","航空,机械基件,农业综合,专用机械,半导体",0
2025-10-20,【华兴源创：公司进入特斯拉人形机器人产品的供应链】财联社10月20日电，有投资者向华兴源创提问，公司2025年6月21日公告表述用于人形机器人执行器控制器模块的测试设备供货终端客户的海外实验室，请问此终端客户是否是特斯拉？华兴源创在互动平台表示，2023年T客户成为公司前五大客户，双方建立了良好的合作关系。公司目前已成为客户重要的测试设备供应商，在新能源汽车领域为其开发了车载电脑测试机、车身控制器测试平台和各类电子产品模块烧录和通讯测试等相关设备，同时基于技术同源和业务协同顺利进入其人形机器人等其他产品的供应链。,"688001.SH,300024.SZ","园区开发,电器仪表,环境保护,电气设备,专用机械",2
2025-10-20,财联社10月20日电，国内期货夜盘开盘涨跌不一，沪金涨1.6%，沪银涨1.7%，氧化铝跌0.57%，螺纹跌0.43%，焦煤跌0.29%，玻璃跌1.81%，原油跌0.93%。,,其他,0
2025-10-20,【第二十二届中国国际农产品交易会在天津闭幕 现场销售额超1亿元】财联社10月20日电，农业农村部主办的第二十二届中国国际农产品交易会在国家会展中心（天津）圆满落下帷幕。本届农交会以“塑强品牌助振兴 提振消费增活力”为主题，来自全国3965家企业超2.5万种优质产品参展，近6万名采购商和专业观众到会洽谈。展会现场火爆异常，据不完全统计，参展人数超30万人次，日均参展人数超10万人，现场销售额超1亿元，达成意向合作达8500多项。,000061.SZ,"港口,银行,农业综合,玻璃,专用机械",0
2025-10-20,【本月加沙停火以来 以军袭击已致80人死亡】财联社10月20日电，据央视新闻，当地时间20日，加沙地带卫生部门发表声明称，以军过去24小时在加沙地带的军事行动共导致57名巴勒斯坦人死亡、158人受伤。此外声明还显示，自2023年10月7日巴以冲突爆发以来，以军在加沙的军事行动已导致68216人死亡、170361人受伤。自今年10月11日本轮加沙停火以来，以色列军队的新一轮打击已造成80人死亡，303人受伤。,,文教休闲,0
2025-10-20,财联社10月20日电，WTI原油日内跌幅达2%，现报56.06美元/桶。,,其他,2
2025-10-20,【高鑫零售上半年净亏损初步数据大约1.10-1.40亿元】财联社10月20日电，高鑫零售上半年净亏损初步数据大约1.10亿元人民币至1.40亿元人民币，去年同期净利润及归属于公司拥有人应占溢利分别为人民币1.86亿元及人民币2.06亿元。,,"软件服务,互联网",2
2025-10-20,"①全球首个！我国科研团队在机器人算法领域取得重大突破，机构预计中国人形机器人市场规模2030年将达380亿元，这家公司开发了人形机器人行业数控卧式车床系列；
②美光科技称2026年DRAM供需失衡将加剧，机构表示AI推动存储需求呈指数级增长，这家公司的DDR4产品在2025年上半年量产，产品速率最高可达行业DDR4最高的3200Mbps；
③这家公司的业内首款集成封装mSSD已完成开发、测试，目前处于量产爬坡阶段。",300024.SZ,"电器仪表,专用机械",0
2025-10-20,【农业农村部启动实施奋战60天抗秋汛抢麦播促壮苗行动】财联社10月20日电，为深入贯彻党中央、国务院决策部署，落实抗灾夺秋粮丰收视频调度会要求，农业农村部启动实施奋战60天抗秋汛抢麦播促壮苗行动，从当前开始到“冬至”（12月21日），分区挂图作战、分类精准施策、分时有序推进，强化抗湿播种、晚播应变、冬前田管，千方百计落实小麦面积，全力以赴抓好冬前管理，培育壮苗保安全越冬。近日，农业农村部派出7个工作组和科技小分队，分赴黄淮海冬小麦主产省开展包保指导，推动落实政策措施和关键技术，协调解决困难问题，努力夯实明年夏粮生产基础。,,"软件服务,文教休闲,银行,百货",0
2025-10-20,【伊朗北部发生4.4级地震】财联社10月20日电，当地时间20日下午，伊朗北部塞姆南省和戈勒斯坦省交界处发生里氏4.4级地震，震源深度10公里。目前救援队已赶往现场评估受灾情况。 (央视新闻),,港口,2
2025-10-20,【美股三大指数集体高开】财联社10月20日电，美股三大指数集体高开，道指涨0.44%，纳指涨0.75%，标普500指数涨0.56%。“人造肉第一股”Beyond Meat大涨58%；稀土概念股Critical Metals涨超7%，USA Rare Earth涨超7%。加密货币概念股普涨，HUT 8涨超4%，Circle涨超2%，Coinbase涨超1%。,,医药商业,0
2025-10-20,【航行警告 南海实弹射击训练】财联社10月20日电，据中国海事局网站消息，清澜海事局发布航行警告，10月21日至23日每天6点至18点30分，南海部分海域进行实弹射击，禁止驶入。,,"证券,专用机械",2
2025-10-20,【费城半导体指数盘初涨1.2%】联社10月20日电，美股芯片股盘初普涨，费城半导体指数涨1.2%，美光科技涨超5%，西部数据、英特尔涨超3%，台积电、ARM、AMD、博通涨超1%。,,"软件服务,机械基件,小金属,半导体",2
2025-10-20,【易天股份：控股股东、实际控制人拟协议转让公司5%股份】财联社10月20日电，易天股份(300812.SZ)公告称，控股股东、实际控制人柴明华、高军鹏、胡靖林与千吉(嘉兴)股权投资合伙企业(有限合伙)(简称“千吉投资”)于10月19日签署了股份转让协议，柴明华、高军鹏、胡靖林拟通过协议转让方式向千吉投资转让其持有的公司无限售流通股股份分别为298.26万股、250.38万股、151.74万股，分别占公司总股本的比例为2.1293%、1.7874%、1.0833%，合计转让公司股份700.39万股，占公司总股本的5%。,300812.SZ,专用机械,0
2025-10-20,【紫光国微：部分SoPC产品已实现批量供货】财联社10月20日电，紫光国微在互动平台表示，公司现有SoPC产品已获得核心客户的认可，其中部分产品已实现批量供货，部分产品正在客户导入阶段，另有部分产品正在积极推进研发；同时，公司根据市场及客户需求也在大力开展新的SoPC产品的研发及应用推广工作。,002049.SZ,半导体,0
2025-10-20,财联社10月20日电，美光科技盘初大涨5.7%，巴克莱将美光科技目标价从195美元上调至240美元。,,专用机械,0
2025-10-20,【新天药业：控股股东拟减持不超过705万股公司股份】财联社10月20日电，新天药业(002873.SZ)公告称，公司控股股东上海新天智药生物技术有限公司计划在减持计划披露之日起15个交易日后的3个月内，通过大宗交易和集中竞价交易方式减持其持有的公司股份合计不超过705万股，占剔除公司回购专用账户中股份后总股本的比例为2.9962%。减持原因为股东资金需求，减持价格将根据市场价格确定，但不低于公司首次公开发行股票发行价。,002873.SZ,"供气供热,中成药,电器仪表,化工原料,医疗保健,半导体",2
2025-10-20,财联社10月20日电，美国天然气期货日内暴涨9%，现报3.279美元/百万英热。,,其他,0
2025-10-20,【纳指涨幅扩大至1%】财联社10月20日电，纳指涨幅扩大至1%，道琼斯指数现涨0.56%，标普500指数涨0.73%。,,其他,2
2025-10-20,【苹果股价创历史新高 报告称iPhone17需求强劲】财联社10月20日电，苹果股价创历史新高，报259.7美元，涨幅3%，总市值达3.85万亿美元。研究公司Counterpoint报告显示，iPhone 17系列在中国和美国市场的早期销售强劲，销量比iPhone 16系列高出14%，其中iPhone 17基本款在中国销量几乎翻了一番。,,专用机械,2
2025-10-20,①以史为鉴看本轮风格切换的时间和幅度；②电解液价格出现跳跃式增长，分析师指出即便生产商现在启动扩产，短期内有效供给增量依然缺乏，当前行业产能集中在少数企业，受益于价格上涨盈利能力有望修复；③今日全市场机构研报共发布261篇，海通发展评级得到上调，6家公司获得首度覆盖，其中悍高集团、中色股份获新财富分析师深度覆盖；④在个股机构关注度排行中，海康威视首次上榜，前五名依次为中宠股份>小商品城>海光信息>英维克>海康威视。,"688041.SH,001221.SZ,000758.SZ,002837.SZ,002415.SZ,600415.SH,002891.SZ,603162.SH","软件服务,水运,商品城,铅锌,IT设备,饲料,家居用品,半导体,专用机械",0
2025-10-20,"【武汉凡谷：控股股东孟庆南及其一致行动人孟凡博拟减持不超过3%公司股份】财联社10月20日电，武汉凡谷(002194.SZ)公告称，公司控股股东、实际控制人之一孟庆南计划减持不超过10,714,039股（占公司总股本的1.5680%），孟凡博计划减持不超过9,784,535股（占公司总股本的1.4320%）。两股东合计减持不超过20,498,574股（占公司总股本的3%）。减持期间为2025年11月11日至2026年2月6日。减持原因是个人及其他产业投资资金需求考虑。",002194.SZ,"文教休闲,通信设备,电器仪表,食品",0
2025-10-20,【乘联分会崔东树：期待汽车行业未来能有长效的强力接续政策】财联社10月20日电，乘联分会秘书长崔东树发文表示，当前，外部环境更趋复杂严峻，单边主义、保护主义加剧，冲击汽车产业链供应链稳定；国内经济回升向好基础还不稳固，有效需求不足、市场无序竞争等问题挑战仍然存在，行业稳增长任务依然艰巨。随着车市以旧换新补贴政策，引爆2025年车市，1-9月效果特别显著，我们的国内车市零售量增长年度预期也需要调高了。但2026年压力很大，期待未来能有长效的强力接续政策，减免购车人员个税、推动新能源车下乡、优化C7经济型电动车驾照申领、给200公里以下续航的合规纯电动车免车购税、鼓励结婚购车、鼓励生育购车等更多的改善措施，拉动购车消费促进经济增长。,,"电气设备,化工原料",2
2025-10-20,财联社10月20日电，亚马逊云服务(AWS)表示，确认美国东部一区多个服务中存在显著的API错误和连接问题。,,其他,0
2025-10-20,"【财联社10月20日晚间新闻精选】
1、美方称将稀土、芬太尼和大豆列为中美经贸磋商的三大问题；外交部回应：中方在处理中美经贸问题上的立场是一贯的、明确的，关税战、贸易战不符合任何一方的利益，双方应在平等、尊重、互惠的基础上协商解决任何问题。
2、高盛发布报告称，投资者应关注寻求“出海”的中国上市公司，推荐了25家处于行业头部地位的出海企业，包括阿里巴巴、宁德时代和比亚迪等。
3、奇瑞汽车在2025奇瑞全球创新大会上宣布，奇瑞已实现固态电池全产业链技术突破，并展示了犀牛S全固态电池模组。
4、现货黄金向上触及4320美元，日内涨超2%。现货白银日内涨幅扩大至1.6%，报52.61美元/盎司。
5、宁德时代第三季度净利润185亿元 同比增长41%。燕东微：国家集成电路基金已减持1%公司股份。帝奥微：拟购买模拟芯片公司荣湃半导体100%股权 股票复牌。4连板三孚股份：存储芯片相关收入占公司营业收入比重不足1%。香农芯创：第三大股东新动能基金拟减持不超过1%公司股份。科大讯飞：第三季度净利润同比增长202%。合肥城建：第二大股东实控人持股长鑫集成电路100%股权。","002208.SZ,002594.SZ,300475.SZ,688172.SH,300750.SZ,603938.SH,688381.SH,002230.SZ","运输设备,房产服务,软件服务,铜,家用电器,通信设备,区域地产,汽车整车,铝,元器件,化工原料,电气设备,半导体,专用机械",0
2025-10-20,财联社10月20日电，现货黄金日内涨幅扩大至2%，报4333.42美元/盎司。,,其他,2
2025-10-20,【群兴玩具：终止筹划重大资产重组】财联社10月20日电，群兴玩具(002575.SZ)公告称，因各方未能就交易价格、交易方案等相关核心条款达成一致，公司决定终止以现金方式收购杭州天宽科技有限公司不低于51%的股权的重大资产重组事项。本次交易尚处于筹划阶段，未提交董事会、股东大会审议，也未披露正式方案。终止本次交易是公司与各方充分沟通、审慎分析和友好协商后做出的决定，不会对公司现有生产经营活动、财务状况和战略发展造成重大不利影响。公司承诺自公告之日起至少一个月内不再筹划重大资产重组事项。,002575.SZ,"电气设备,文教休闲,百货,食品",2
2025-10-20,财联社10月20日电，阿根廷比索兑美元跌幅达2.1%，触及盘中历史新低。,,其他,0
2025-10-20,①CPO+芯片+可控核聚变+数据中心+算力+低空经济！这家公司产品主要应用在可控核聚变等领域，光模块、光芯片均已形成批量化生产；②人形机器人+光模块+芯片+数据中心！这家公司产品已经应用到国内头部机器人，拟购买模拟芯片企业；③PCB+先进封装！公司第三季度净利同比增近300%。,300024.SZ,"软件服务,专用机械",0
2025-10-20,财联社10月20日电，加拿大央行调查显示，三分之二的消费者预计加拿大明年将陷入衰退，企业对未来一年的CPI预期现已略高于2024年末水平；消费者预计明年汽车价格将大幅上涨。,,电气设备,0
2025-10-20,【侵吞资金超5亿卢布 俄侦委会就军事项目欺诈案立案】财联社10月20日电，俄罗斯侦查委员会20日发布消息称，已就俄罗斯国防部项目在合同执行期间5亿卢布被侵吞事实进行立案。,,机床制造,0
2025-10-20,【盘后A股上市公司重点业绩公告精选】财联社10月20日电，据财联社不完全统计，截至发稿，盘后包括中国移动、宁德时代、中国船舶、科大讯飞、大族数控、鼎通科技、合金投资、永和股份、飞力达、川金诺、银禧科技、纳睿雷达、金力永磁、美芯晟、隆盛科技、祥源新材、矩子科技、开勒股份、长源东谷、中策橡胶、银龙股份、科远智慧、利安隆、神马电力、利元亨等多家A股上市公司发布2025年三季度业绩报告或预告。其中，中国移动第三季度净利润同比增长1.4%，宁德时代第三季度净利润同比增长41%。小财注：北方股份上周五盘后发布三季度业绩预告，今日收盘涨停。,"688668.SH,603530.SH,603950.SH,603969.SH,603049.SH,300596.SZ,300240.SZ,002380.SZ,600262.SH,600941.SH,301200.SZ,300802.SZ,688499.SH,300750.SZ,300748.SZ,301070.SZ,605020.SH,688522.SH,600150.SH,688458.SH,300221.SZ,300505.SZ,002230.SZ,000633.SZ,300680.SZ,300980.SZ","其他建材,矿物制品,化工原料,电气设备,运输设备,专用机械,通信设备,汽车配件,仓储物流,软件服务,电信运营,农药化肥,机械基件,小金属,旅游景点,塑料,农用机械,船舶,半导体",0
2025-10-20,又有两款人形机器人即将下线并量产！优必选、智元、宇树等多家龙头企业陆续获得亿元级别订单下，行业有望在2026年进入量产阶段，这家公司关节电机已进入客户匹配测试中，另一家与海外和国内机器人厂商签署相关合作协议。,300024.SZ,"服饰,专用机械",0
2025-10-20,财联社10月20日电，纳斯达克中国金龙指数涨幅扩大，现涨1%，最新报8248.73点。,,"证券,汽车整车,半导体,专用机械",0
2025-10-20,财联社10月20日电，阿根廷债券收益回吐。,,其他,0
2025-10-20,又有两款人形机器人即将下线并量产！优必选、智元、宇树等多家龙头企业陆续获得亿元级别订单下，行业有望在2026年进入量产阶段，这家公司关节电机已进入客户匹配测试中，另一家与海外和国内机器人厂商签署相关合作协议。,300024.SZ,"服饰,专用机械",0
2025-10-20,纳斯达克中国金龙指数涨幅扩大，现涨1%，最新报8248.73点。,,"证券,汽车整车,半导体,专用机械",0
2025-10-20,俄罗斯侦查委员会宣布，已就国防部项目在合同执行期间5亿卢布被侵吞的事实立案。调查发现，2022年俄国防部与多家商业机构签订的管道系统设备供应合同，遭到“南部军区工程建设局”分公司前总工程师拉普捷夫、“因特拉姆工业”有限责任公司总经理库拉诺夫及副手达拉里、“涅斯特”有限责任公司主管人员的不符合合同条件的设备操作，导致超过5亿卢布资金被侵吞。这些行为致使国家合同条款未能履行，给俄国防部带来特别重大损失。目前，侦查委员会的证据收集工作仍在进行中。（央视）,,"软件服务,通信设备,银行,专用机械",0
2025-10-20,在2025美团机器人研究院学术年会上，美团副总裁、美团机器人研究院理事长毛一年透露，美团与IDEA研究院联合研发的无人机智能避障系统取得重要进展。通过云端视觉大模型升级，系统在识别风筝、气球、吊车等复杂空中目标时召回率提升近30个百分点，误检率下降至0.68%。相关成果通过大量测试验证后，目前已在公园等复杂配送场景中实现应用。（界面新闻）,300024.SZ,"水务,机械基件,互联网,专用机械",0
2025-10-20,群兴玩具公告，公司于2025年2月27日披露了筹划重大资产重组的提示性公告，拟以现金方式收购杭州天宽科技有限公司不低于51%的股权。然而，因各方未能就交易价格、交易方案等相关核心条款达成一致，为切实维护各方及公司股东利益，公司同意终止本次重大资产重组事项。此次终止不会对公司现有生产经营活动、财务状况和战略发展造成重大不利影响。,002575.SZ,"电气设备,文教休闲,汽车配件,食品",0
2025-10-20,现货黄金站上4330美元/盎司，日内涨1.9%。,,其他,2
2025-10-20,鑫铂股份公告，控股股东、实际控制人唐开健的一致行动人南京天鼎2025年9月25日至2025年10月17日通过集中竞价减持242.19万股，均价17.06元；2025年10月15日通过大宗交易减持42.6万股，价格14.99元；累计减持284.79万股，占剔除回购证券账户股份数量后总股本1.18%，减持计划已实施完成，持股比例由3.67%降至2.49%。,003038.SZ,"证券,文教休闲,铝,食品",0
2025-10-20,厚普股份公告，公司控股股东、实际控制人王季文及其一致行动人燕新集团、北京星凯、珠海阿巴马拟通过认购公司向特定对象发行的A股普通股股票，累计增持公司股份比例不超过30%。本次发行后，王季文及其一致行动人持有公司权益合计超过30%，触发要约收购义务。根据相关规定，收购人已承诺通过本次向特定对象发行取得的上市公司股份自该等股份发行结束之日起36个月内不得转让，收购人可以免于发出要约。,300471.SZ,"文教休闲,银行,食品,电气设备,煤炭开采,专用机械",0
2025-10-20,武汉凡谷公告，两位控股股东、实际控制人孟庆南、孟凡博拟于2025年11月11日至2026年2月6日，通过集中竞价或大宗交易方式，分别减持公司股份不超过1071.4万股（占总股本1.5680%）和不超过978.45万股（占总股本1.4320%），合计不超过2049.86万股（占总股本3.0000%）。,002194.SZ,"通信设备,电器仪表",0
2025-10-20,在加沙停火第一阶段协议执行期间，联合国已经开展加沙地带的废墟清理工作，联合国开发计划署官员雅科·西勒斯表示，整个加沙地带需要清理的废墟总量可能在5500万吨到6000万吨之间，而预估的重建费用大约需要700亿美元。联合国方面估计，目前加沙地带整体约84%的建筑受损，在加沙城等部分地区，损毁比例甚至高达92%，加沙地带的废墟总量相当于13座埃及吉萨金字塔的体量总和。联合国目前已经清理了约8.1万吨瓦砾，相当于3100辆货车的运载量，还不到废墟总量的0.15%。此外，西勒斯还指出，废墟中还混杂着许多遇难者遗体和未爆炸的炸弹，这增加了目前清理工作的难度并带来安全隐患。（央视新闻）,,"通信设备,水务,电器仪表,医药商业,食品",0
2025-10-20,苹果股价创历史新高，报259.7美元，涨幅3%，总市值达3.85万亿美元。10月20日，天猫Apple Store官方旗舰店正式官宣，将参与2025年天猫双11大促。,,其他,0
2025-10-20,世界智能网联汽车大会介绍，我国智能网联和新能源汽车产业发展处于全球领先地位，北京也将加速打造智能网联汽车产业发展高地。数据显示，北京“双智”城市（智慧城市基础设施与智能网联汽车协同发展）建设实现全市600平方公里车路云一体化基础设施连片覆盖，累计自动驾驶里程超4500万公里。近两年，小米等北京车企在新能源与智能网联领域“开全国之先河”，为汽车强国建设做出积极贡献。（央视财经）,,"出版业,软件服务,银行,机械基件,电气设备,农用机械",0
2025-10-20,美国天然气期货日内暴涨9.00%，现报3.279美元/百万英热。,,其他,0
2025-10-20,NYMEX天然气主力合约涨幅扩大至4%，现报4.22美元/百万英热。,,半导体,0
2025-10-20,新天药业公告，控股股东上海新天智药生物技术有限公司因资金需求，计划自2025年11月11日至2026年2月10日，通过大宗交易减持不超470万股，占剔除回购后总股本1.9975%；通过集中竞价减持不超235万股，占0.9987%；合计不超705万股，占2.9962%。减持价格不低于首次公开发行调整后发行价4.97元/股。,002873.SZ,"供气供热,中成药,电器仪表,化工原料,医疗保健,半导体",0
2025-10-20,美股三大指数集体高开，道指涨0.4%，纳指涨0.73%，标普500指数涨0.53%。台积电涨超2%，首颗英伟达Blackwell晶圆近日在美国本土下线。苹果涨超1%，iPhone 17系列首次降价。,,其他,0
2025-10-20,易天股份公告，公司控股股东、实际控制人柴明华、高军鹏、胡靖林与千吉投资于2025年10月19日签署了《股份转让协议》，柴明华、高军鹏、胡靖林拟通过协议转让的方式向千吉投资转让其持有的公司无限售流通股股份分别为298.26万股、250.38万股、151.74万股，分别占公司总股本的比例为2.1293%、1.7874%、1.0833%，合计转让公司股份700.39万股，占公司总股本的5.00%。此次协议转让不触及要约收购，不构成关联交易，不会导致公司的控股股东、实际控制人变更，不会对公司治理结构及持续经营产生影响。受让方千吉投资承诺在协议转让完成后的十二个月内不减持本次交易所受让的公司股份。,300812.SZ,专用机械,0
2025-10-20,雷电微力公告，公司董事、高级管理人员桂峻、张隆彪、高管刘潇寒、刘凤娟、叶涛按此前披露计划，于2025年7月18日至8月29日期间通过集中竞价方式合计减持不超过26.27万股，占公司总股本0.1075%。实际减持股数分别为98000股、31320股、11700股、22000股和3250股，对应减持比例依次为0.0401%、0.0128%、0.0048%、0.0090%、0.0013%。本次减持计划期限已于2025年10月17日届满，股份均来源于限制性股票激励计划获授归属及资本公积转增股份。,301050.SZ,航空,0
2025-10-20,10月20日，有Mango客户收到题为“关于个人资料的重要通知”的公告电邮。公告指出，Mango使用的一家外包营销服务供应商，所拥有的客户资料在未经授权的情况下被查阅。公告中，这家西班牙服饰品牌对事件所可能造成的不便表达歉意。外泄的信息包括客户的名字（但不含姓氏）、所在国家、邮政编号、电邮地址和电话号码。Mango强调，客户的银行信息、信用卡资料、身份证和护照号码，以及登录凭据和密码，并没有被泄露。公告指出，Mango的一切运营正常，本身的基础设施和公司系统并未受到影响。（界面新闻）,,软件服务,0
2025-10-20,当地时间20日下午，伊朗北部塞姆南省和戈勒斯坦省交界处发生里氏4.4级地震，震源深度10公里。目前救援队已赶往现场评估受灾情况。（央视新闻）,,港口,0
2025-10-20,为深入贯彻党中央、国务院决策部署，落实抗灾夺秋粮丰收视频调度会要求，农业农村部启动实施奋战60天抗秋汛抢麦播促壮苗行动，从当前开始到“冬至”（12月21日），分区挂图作战、分类精准施策、分时有序推进，强化抗湿播种、晚播应变、冬前田管，千方百计落实小麦面积，全力以赴抓好冬前管理，培育壮苗保安全越冬。近日，农业农村部派出7个工作组和科技小分队，分赴黄淮海冬小麦主产省开展包保指导，推动落实政策措施和关键技术，协调解决困难问题，努力夯实明年夏粮生产基础。（人民财讯）,,"软件服务,文教休闲,百货,银行,互联网",0
2025-10-20,农业农村部主办的第二十二届中国国际农产品交易会在国家会展中心（天津）圆满落下帷幕。本届农交会以“塑强品牌助振兴提振消费增活力”为主题，来自全国3965家企业超2.5万种优质产品参展，近6万名采购商和专业观众到会洽谈。展会现场火爆异常，据不完全统计，参展人数超30万人次，日均参展人数超10万人，现场销售额超1亿元，达成意向合作达8500多项。（界面新闻）,000061.SZ,"港口,银行,农业综合,玻璃,专用机械",0
2025-10-20,欧盟理事会20日表示，欧盟成员国支持在2028年1月前逐步停止进口俄罗斯天然气的提案。当天在卢森堡举行的欧盟理事会会议上，欧盟能源部长们批准了相关提案。自2026年1月1日起，欧盟禁止内部各方与俄罗斯签订新的进口天然气合同；同时为现有合同保留过渡期，短期合同可持续至2026年6月17日，长期合同将在2028年1月1日前终止。该提案还需要经欧洲议会批准。（新华社）,,互联网,0
2025-10-20,默沙东10月20日宣布，在其位于美国弗吉尼亚州埃尔克顿的工厂动工建造一座制药设施，耗资30亿美元。声明称，这笔投资是默沙东今年起投资超700亿美元用于扩大美国国内生产和研发的一部分。（界面新闻）,,其他,0
2025-10-20,ST新华锦公告，公司股票价格于2025年10月15日至17日连续三个交易日内收盘价格涨幅偏离值累计超过12%，属于《上海证券交易所交易规则》规定的股票交易异常波动情形。公司2024年归属于上市公司股东的净利润为-1.34亿元，较2023年下降354.59%。2025年半年度归属于上市公司股东的净利润为1286.72万元，较去年同期下降39.45%。公司控股股东及其一致行动人合计持有公司股份1.86亿股，占公司股份总数的43.28%，累计质押公司股份1.85亿股，占其持股总数的99.64%，占公司股份总数的43.13%。控股股东及其一致行动人股份质押比例较高。公司控股股东及其一致行动人合计持有公司股份1.86亿股，其中司法冻结股份61.24万股、司法标记股份1.85亿股，合计占其持股总数的99.97%，占公司股份总数的43.27%。存在可能被实施退市风险警示的风险。,600735.SH,"石油加工,文教休闲,互联网,食品,专用机械,服饰,半导体",0
2025-10-20,当地时间20日，加沙地带卫生部门发表声明称，以军过去24小时在加沙地带的军事行动共导致57名巴勒斯坦人死亡、158人受伤。此外声明还显示，自2023年10月7日巴以冲突爆发以来，以军在加沙的军事行动已导致68216人死亡、17.04万人受伤。自今年10月11日本轮加沙停火以来，以色列军队的新一轮打击已造成80人死亡，303人受伤。（央视新闻）,,文教休闲,0
2025-10-20,国内期货夜盘开盘涨跌互现，沪银、沪金涨超1%，豆一、玉米、烧碱小幅上涨；跌幅方面，玻璃、纯苯、甲醇、苯乙烯跌超1%，原油、纯碱、对二甲苯小幅下跌。,,其他,0
2025-10-20,国创高新公告，公司全资子公司湖北国创高新材料科技有限公司拟在湖北省鄂州市投资建设“国创高新新材料研发基地建设项目”，投资总额预计约为1.52亿元。近期国创科技计划实施“国创高新新材料研发基地建设项目一期”工程，投资额3960万元。项目包括建设综合楼1栋、研发楼2栋及配套设施，合计约7800平方米。项目建设工期为12个月，资金来源为自有资金或自筹资金。项目旨在优化公司产业结构，提升核心竞争力，符合公司长远发展战略。,002377.SZ,"银行,软件服务,其他建材,水力发电",0
2025-10-20,10月13日，中欧绿色治理智库合作项目研讨会在北京举行。本次研讨会旨在加强智库合作交流，共同推动中欧绿色发展。双方交流分享了中欧在生态文明建设、土地利用减碳等领域的实践经验，并对深化合作提出展望，共同探索更多绿色治理与公正转型的新路径。来自中国和欧盟多个国家知名智库机构的资深专家出席研讨会。（自然资源部）,,"化学制药,银行,环境保护,专用机械",0
2025-10-20,保龄宝公告，持股7.10684%的股东宁波趵朴富通资产管理中心(有限合伙)计划自公告披露之日起15个交易日后的2025年11月11日至2026年2月10日，通过集中竞价和大宗交易方式合计减持不超过1141.7万股，占公司总股本3%。其中任意连续90日内大宗交易减持不超761.13万股，占2%；集中竞价减持不超380.57万股，占1%。,002286.SZ,"汽车配件,食品",0
2025-10-20,当地时间20日，哥伦比亚外交部发表声明，哥外交部长罗莎·比利亚维森西奥向公众通报，哥伦比亚驻美国大使丹尼尔·加西亚- 佩纳已被总统佩特罗召回。19日美国总统特朗普指责哥伦比亚总统佩特罗纵容毒品生产，并宣布暂停对哥一切补贴，计划加征关税。对此哥伦比亚外交部发表声明，谴责美国总统特朗普发表对总统佩特罗的攻击性和贬损性言论。表示特朗普在毫无根据的情况下指责佩特罗，这是对哥伦比亚国家主权的直接威胁。（央视新闻）,,"汽车整车,元器件",0
2025-10-20,天普股份公告，2025年10月20日，普恩投资、天昕贸易和自然人方东晖签署《关于宁波市天普橡胶科技股份有限公司之股份转让协议之补充协议》，就普恩投资企业名称变更后股份转让事项的履行进行补充约定。本次协议转让并增资后将导致上市公司控制权发生变更，公司实际控制人由尤建义先生变更为杨龚轶凡先生。,605255.SH,汽车配件,0
2025-10-20,近日，中国国家知识产权局副局长卢鹏起在京会见来访的瑞士罗氏集团董事会主席施万一行。卢鹏起表示，近年来，知识产权保护作为营商环境的一项重要内容，日益受到中外企业的关注。中国国家知识产权局始终坚持对内外资企业的知识产权一视同仁、依法同等保护，切实维护外商投资者合法权益。未来，中国国家知识产权局将继续秉持积极开放的态度，与各国权利人和利益相关方保持良好的交流。施万表示，知识产权是创新药企业生存与发展的核心竞争力。在中国不断完善的知识产权保护体系支撑下，越来越多的跨国制药企业对中国市场充满信心，不断深化本土化战略布局。罗氏集团将持续扩大在中国的研发投入，积极推动源自中国的医药创新成果惠及全球。（人民财讯）,,"中成药,铝,电气设备,互联网,专用机械",0
2025-10-20,10月20日晚间，iQOO手机宣布新品iQOO 15正式开售，4199元起售。此外，王者荣耀十周年典藏版（16GB+512GB）售价5499元，现已限量开售。(界面),,其他,0
2025-10-20,现货黄金突破4310美元/盎司，日内涨1.50%。,,其他,0
2025-10-20,汇绿生态公告，持股18.54%的大股东实际控制人一致行动人宁波汇宁于2025年7月18日至2025年10月17日通过集中竞价及大宗交易累计减持2118.69万股，占公司总股本2.70%，减持计划已实施完成，持股降至1.24亿股，占15.81%。,001267.SZ,"汽车配件,建筑工程,文教休闲,食品",0
2025-10-20,GQY视讯公告，公司以支付现金方式收购深圳市泰亨光电股份有限公司70%股份，交易对价1750万元。交易完成后，公司持有泰亨光电70%股份。此次交易使用自有资金，不会对公司现有财务状况和正常经营造成不利影响，旨在拓宽公司在大屏显示领域的战略布局，增强公司在LED显示生产制造环节的硬实力，提高经营效益。,"300076.SZ,600184.SH","IT设备,小金属,专用机械",0
2025-10-20,均胜电子公告，子公司近期新获客户项目定点通知，将为客户提供智能辅助驾驶域控制器、智能座舱车载多联屏等产品，预计全生命周期订单总金额约50亿元，计划2026年底开始量产。项目预计不会对公司本年度经营业绩产生重大影响，但将有利于增厚公司未来年度业务收入。,600699.SH,"电气设备,机械基件,汽车配件,园区开发",0
2025-10-20,科翔股份公告，本次特定股东张新华于2025年7月21日至10月17日通过集中竞价减持26.8万股，占剔除回购股份后总股本0.0651%，成交均价11.6~12.01元/股；减持前持股473.06万股，占1.1482%，减持后持股446.26万股，占1.0832%。减持计划时间已届满。,300903.SZ,"元器件,互联网",2
2025-10-20,现货黄金突破4300美元/盎司，日内涨1.25%。,,其他,0
2025-10-20,怡合达公告，控股股东一致行动人上海众复晖企业管理有限公司、上海众瑞晖企业管理有限公司合计持股2996.91万股，占4.73%，计划自公告披露15个交易日后的2025年11月11日至2026年2月10日，通过集中竞价或大宗交易方式合计减持公司股份不超过1268.41万股，即不超过公司总股本的2%。,301029.SZ,"文教休闲,专用机械,食品,半导体",0
2025-10-20,10月20日，京东汽车此前宣布将联合宁德时代和广汽集团共同推出一款“国民好车”的相关车辆细节曝光。京东相关车辆预约页面显示，该车在车身结构方面，其采用高强度笼式车身设计，高强度钢占比超70%，正面立体防护框架使车身抗冲击性提升18%；侧面配备一体式热成型双门环，采用特斯拉Cybertruck同款侧面防护技术，搭配新国标机械式半隐藏安全门把手。在性能层面，车辆整备质量超同级车型300kg，轮距超同级（同级别车辆）水平45mm、胎宽超同级水平10mm；麋鹿测试成绩超75km/h。记者了解到，该车还将采用“车电分离”的购车模式，电池可充可换，换电时间将低至99秒。（贝壳财经）,"601238.SH,300750.SZ","运输设备,化学制药,建筑工程,水务,IT设备,汽车整车,元器件,电气设备,半导体",0
2025-10-20,深深房A公告，控股股东深圳市投资控股有限公司持股5.64亿股，占公司总股本55.78%，拟自本公告披露之日起15个交易日后的3个月内，即2025年11月11日至2026年2月10日，以集中竞价方式减持不超过1011.66万股，减持比例不超过公司总股本的1%。,000029.SZ,"区域地产,小金属",0
2025-10-20,以色列国防军当地时间20日下午表示，不久前，以军袭击了位于黎巴嫩南部纳巴提耶地区的真主党武装的军事设施目标。以军称，真主党仍持续试图在黎巴嫩各地重建其军事基础设施。这些设施的存在以及真主党武装的活动，违反了以色列和黎巴嫩之间的停火谅解协议。目前，黎巴嫩真主党暂无回应。（央视新闻）,,其他,0
2025-10-20,聚灿光电公告，控股股东、实际控制人、董事长兼总经理潘华荣于2025年9月26日至10月17日通过集中竞价累计减持934万股，均价9.24元/股，占总股本0.99%，减持计划已实施完毕；其持股由1.87亿股降至1.78亿股，比例由19.29%降至18.97%，持股变动触及1%整数倍。,300708.SZ,"专用机械,半导体",0
2025-10-20,匈牙利外长西雅尔多当地时间20日在社交媒体表示，欧盟计划向乌克兰支付数十亿欧元以及大量武器，这将通过大幅提升公共费用来支付。对此，匈牙利必须抵制。（央视新闻）,,其他,0
2025-10-20,银禧科技公告，第三季度营收为5.67亿元，同比增长5.00%；净利润为3693.87万元，同比增长185.13%。前三季度营收为16.53亿元，同比增长16.75%；净利润为8471.41万元，同比增长116.39%。,300221.SZ,塑料,0
2025-10-20,ST香雪公告，公司于2025年10月20日收到广州市中级人民法院送达的（2025）粤01破申54-2号《决定书》，同意公司预重整期间延长至2026年1月11日。此前，公司因未履行生效法律文书、不能清偿到期债务，且明显缺乏清偿能力，但具有重整价值及重整可行性，被债权人广东景龙建设集团有限公司申请预重整。预重整期间，公司将积极配合临时管理人及法院的相关工作，并及时履行信息披露义务。,300147.SZ,"软件服务,建筑工程,银行,中成药,普钢,食品,互联网,专用机械",0
2025-10-20,近日，三航局承建的小洋山北作业区工作船码头通过交工验收。这是小洋山北作业区首个通过交工验收的项目，也是国内以桶式基础结构作为重力式码头下部结构的首次应用。小洋山北作业区是上海国际航运中心洋山国际集装箱枢纽港区的重要组成部分，将建成上海港最大单体自动化码头。（人民财讯）,,"玻璃,互联网,半导体",0
2025-10-20,斯迪克公告，公司控股股东、实际控制人金闯于2025.9.3-2025.1.17通过集中竞价及大宗交易合计减持1325.25万股，减持比例2.9236%；董事、副总经理杨比于2025.8.6-2025.10.17通过集中竞价减持39.05万股，减持比例0.0861%；董事蒋晓明于2025.7.28-2025.9.5通过集中竞价减持46000股，减持比例0.0101%。上述减持计划已实施完毕。,300806.SZ,塑料,0
2025-10-20,中电环保公告，第三季度营收为2.08亿元，同比下降16.09%；净利润为3493.77万元，同比增长8.87%。前三季度营收为5.23亿元，同比下降12.92%；净利润为8887.45万元，同比增长5.15%。,300172.SZ,"电气设备,环境保护",0
2025-10-20,现货黄金涨幅扩大至1%，现报4294.616美元/盎司。,,其他,0
2025-10-20,浙江天台抽水蓄能电站1号机组顺利完成首次冲转，进入有水调试。机组于16日16时16分升速至额定转速，实现一次性成功启动。浙江天台抽水蓄能电站是国家“十四五”重点实施项目，电站总装机170万千瓦，共安装4台单机容量42.5万千瓦可逆式水泵水轮发电机组，是目前我国在建额定水头最高、单机容量最大的抽水蓄能电站。（三峡小微）,,"机床制造,新型电力,化工原料",0
2025-10-20,受台风“风神”影响，澳门特区政府地球物理气象局20日19时发出三号风球，并预计三号风球将在晚间维持。明日凌晨至清晨发布八号风球的机会较低至中等。（央视新闻）,,汽车配件,0
2025-10-20,南京聚隆公告，持股5%以上股东江苏苏豪时尚集团股份有限公司现持股1562.48万股，占14.12%，计划自2025年11月11日至2026年2月10日，通过集中竞价减持108万股、大宗交易减持217万股，合计不超325万股，占2.94%。,"300644.SZ,600287.SH","证券,商贸代理,环境保护,塑料,专用机械",0
2025-10-20,ST路通公告，公司及相关责任人收到江苏证监局下发的《江苏证监局关于对无锡路通视信网络股份有限公司采取责令改正措施并对邱京卫采取出具警示函措施的决定》。因公司未在2025年9月26日前发出召开股东会的通知，违反了《上市公司股东会规则》（证监会公告〔2025〕7号）第三条规定，江苏证监局对公司采取责令改正措施，并对董事长邱京卫出具警示函。公司将积极推进股东会筹备工作，近期及时发出股东会通知。,300555.SZ,"塑料,通信设备,化工机械,专用机械",0
2025-10-20,睿能科技公告，公司股票交易于2025年10月15日至10月17日连续三个交易日内日收盘价格涨幅累计达到20%，并于2025年10月20日涨停。公司股东平潭捷润股权投资管理合伙企业（有限合伙）计划自2025年11月1日至2026年1月31日期间，通过集中竞价方式减持不超过200万股，占公司总股本的0.96%。公司2025年上半年实现营业收入11.33亿元，同比增长13.83%；归属于上市公司股东的净利润3558.72万元，同比下降31.43%；扣除非经常性损益后净利润3313.67万元，同比下降31.67%。公司A股股票换手率18.04%，市盈率（TTM）221.3倍，市盈率（静态）123.5倍，均高于行业平均水平。,603933.SH,"软件服务,元器件,林业",0
2025-10-20,Summit Therapeutics美股盘前跌超10%，现报18.86美元。,,其他,0
2025-10-20,据菲律宾火山地震研究所消息，当地时间10月20日19时35分，菲律宾东达沃省附近海域发生5.7级地震，震源深度10公里，震中位于北纬6.98度，东经127.45度。(央视新闻),,互联网,2
2025-10-20,"英科医疗公告，全资子公司英科医疗国际（香港）有限公司拟与Warburg Pincus Global Growth 15 GP,L.P.签署认购协议，以自有资金参与投资合伙企业Warburg Pincus Global Growth 15,L.P.，认缴出资7000万美元。合伙企业目标募集规模为170亿美元。此次交易构成关联交易，但未达到公司最近一期经审计净资产的5%，无需提交公司股东会审议。此次投资旨在优化投资结构，提升全球战略布局，借助专业化投资管理团队，提升公司收益水平与长远战略发展。",300677.SZ,"玻璃,医疗保健,环境保护",0
2025-10-20,10月20日，全球首艘甲醇电动集散两用船“远醇001”号在上海港罗东集装箱码头首航。首航仪式上，上港集团与吉利控股集团签署绿色航运战略合作协议，共同推动甲醇电动技术在绿色航运及绿色港口领域的推广应用。这一举措标志着中国在内河航运新能源应用领域取得重大突破，为全球航运业绿色转型提供新路径。（澎湃新闻）,600018.SH,"化学制药,港口,环境保护,电气设备,专用机械,半导体",0
2025-10-20,SailPoint美股盘前涨超13%，现报24.9美元。,,其他,0
2025-10-20,西域旅游公告，持股5.88%的股东新疆昆仑投资发展合伙企业（有限合伙）因经营需要，拟自披露之日起15个交易日后的3个月内，集中竞价减持不超155万股、大宗交易减持不超310万股，合计不超465万股，占公司总股本3%。,300859.SZ,"供气供热,旅游服务,互联网",0
2025-10-20,莱伯泰科公告，2025年10月20日，持股5%以上股东LabTech Holdings与青岛市创新投资有限公司签署《股份转让协议》，LabTech Holdings拟以27.5元/股的价格转让其持有的公司无限售流通股414.55万股，占公司股份总数的6.15%。本次协议转让完成后，青岛创新投资将持有公司股份414.55万股，占公司股份总数的6.15%，成为公司持股5%以上股东。本次协议转让不触及要约收购，不会对公司治理结构及持续经营产生重大影响。,688056.SH,"铝,港口,电器仪表",0
2025-10-20,寒武纪公告，2025年度向特定对象发行333.49万股股票，发行价格为1195.02元/股，募集资金总额为39.85亿元，募集资金净额为39.53亿元。新增股份自发行结束之日起6个月内不得转让。,,半导体,0
2025-10-20,五方光电公告，第三季度营收为3.28亿元，同比增长10.09%；净利润为870.42万元，同比下降62.90%。前三季度营收为9.4亿元，同比增长8.27%；净利润为3631.09万元，同比下降43.49%。,002962.SZ,"元器件,专用机械",0
2025-10-20,10月20日下午，辉瑞在浦东揭幕辉瑞研发开放创新中心。辉瑞研发开放创新中心是一个致力于推动中国生物医药行业创新和研发的综合性平台。该中心依托辉瑞北京、上海两地研发中心的资源优势，为中国本土高校、创新生物技术企业、医院及临床研究机构提供能力建设与资源支持。(人民财讯),,"供气供热,园区开发,化学制药,银行,中成药,铝,专用机械,互联网,半导体",0
2025-10-20,宁德时代公告，第三季度营收为1041.86亿元，同比增长12.90%；净利润185亿元，同比增长41%。第三季度扣除非经常性损益的净利润164亿元，同比增长35%。前三季度营收为2830.72亿元，同比增长9.28%；净利润为490.34亿元，同比增长36.20%。,300750.SZ,"电气设备,运输设备",0
2025-10-20,兖矿能源公告，控股子公司兖煤澳大利亚有限公司发布2025年第三季度运营数据公告。第三季度商品煤产量为930万吨，同比下降9%。前三季度累计商品煤产量为2820万吨，同比增长4%。第三季度商品煤销量为1070万吨，同比增长3%。前三季度累计商品煤销量为2730万吨，与去年同期持平。平均实现价格为140澳元/吨，同比下降18%。前三季度累计平均实现价格为146澳元/吨，同比下降18%。,600188.SH,"软件服务,元器件,煤炭开采",0
2025-10-20,对于19日发生的卢浮宫博物馆失窃案，法国最大的拍卖公司之一、巴黎德鲁奥拍卖行总裁亚历山大·吉凯洛表示，这些作案者将遭到全球警方追捕，并面临非常严重的处罚。吉凯洛将此次盗窃同1911年的《蒙娜丽莎》失窃案相提并论，称当时的窃贼并未意识到自己行为的严重性，最终那幅画竟被他藏在了床底下。（央视新闻）,002918.SZ,"机床制造,陶瓷,软件服务",0
2025-10-20,科恒股份公告，持股5%以上股东万国江因司法强制执行，于2025年9月12日至2025年10月16日通过集中竞价及大宗交易方式减持公司股份275.42万股，占公司当前总股本的比例为1.00%。此次减持导致万国江持有公司股份从2588.09万股减少至2312.67万股，占公司总股本比例从9.38%降低至8.38%。同时，万国江及其一致行动人唐芬、万涛合计持有公司股份从3034.26万股减少至2758.84万股，占公司总股本比例从11.00%降低至10.00%。此次权益变动的比例已触及5%的整数倍。,300340.SZ,"电气设备,文教休闲,食品",0
2025-10-20,"当地时间20日，总台记者获悉，一名接近谈判的消息人士称，巴勒斯坦伊斯兰抵抗运动（哈马斯）代表团将于当天在埃及开罗会见斡旋方卡塔尔和埃及官员，讨论加沙地带停火的延续问题。

该名消息人士表示，由哈马斯官员哈利勒·哈亚率领的代表团将讨论“19日造成加沙地带数十人死亡的数十次空袭”。

消息人士还透露，哈马斯代表团还将会见埃及官员，讨论即将由埃及主办的巴勒斯坦内部对话，旨在“实现巴勒斯坦各派别的团结”。(央视新闻)",,其他,0
2025-10-20,燕东微公告，持股5%以上股东国家集成电路产业投资基金股份有限公司已通过集中竞价于2025年8月13日至2025年10月20日累计减持1427.62万股，占公司总股本1%，减持价格区间19.21～28.03元/股，套现3.23亿元。减持后其持股降至8674.72万股，占6.08%，本次减持计划实施完毕。,688172.SH,"通信设备,半导体",0
2025-10-20,美国亚马逊公司旗下云计算服务平台（AWS）今天（10月20日）突发服务故障，亚马逊的购物网站、视频服务以及语音助手均受影响。全球范围内使用AWS服务的公司也都遭遇服务故障。据路透社报道，亚马逊公司随后表示，故障可能是其美东1区节点的DNS解析出现问题所致，并开始进行修复，目前相关服务已开始逐步恢复。（人民财讯）,,"软件服务,互联网",0
2025-10-20,帝奥微公告，公司拟通过发行股份及支付现金的方式购买董志伟等16名股东持有的荣湃半导体100%股权并募集配套资金。本次交易标的资产的最终交易作价将以评估报告所载评估结果为参考依据，由交易各方协商确定。,688381.SH,半导体,0
2025-10-20,金信诺公告，公司拟以简易程序向特定对象发行股票，募集资金总额不超过2.92亿元，扣除发行费用后将全部用于数据中心高速互连产品扩产建设项目及补充流动资金。本次发行对象为不超过35名特定投资者，定价基准日为发行期首日，发行价格不低于定价基准日前二十个交易日公司股票交易均价的80%。本次发行股票数量不超过本次发行前公司总股本的30%。,300252.SZ,"软件服务,通信设备,银行",0
2025-10-20,美国联邦政府“停摆”已超过19天。据美国媒体19日报道，受“停摆”影响，美国能源部下属国家核安全管理局约1400名员工将于20日开始被迫无薪休假，这是该机构2000年成立以来首次。涉及组装核武器地点的工作将受到影响，相关设施将进入安全关闭模式。报道称，若“停摆”持续下去，最早从28日开始，相关武器制造、特殊核材料浓缩等也将停止。（央视新闻）,,"软件服务,互联网",0
2025-10-20,三孚股份公告，公司股票交易于2025年10月15日、16日、17日连续三个交易日内收盘价格涨幅偏离值累计超过20%，2025年10月20日再次涨停。公司滚动市盈率为132.46，远高于行业平均值26.39，可能存在市场情绪过热和非理性炒作。公司主要产品包括三氯氢硅、四氯化硅等，广泛应用于光伏、光纤、电子芯片等领域，但存储芯片相关收入占比不足1%，对业绩无重大影响。,603938.SH,"化工原料,园区开发",0
2025-10-20,据港交所文件：苏州旺山旺水生物医药股份有限公司 - B通过港交所上市聆讯。,,"IT设备,中成药",0
2025-10-20,中国电建公告，2025年1月至9月公司新签合同金额9045.27亿元，同比增长5.04%；其中境内6907.73亿元，同比增长0.83%，境外2137.54亿元，同比增长21.45%。按业务类型看，能源电力5852.28亿元，同比增长12.89%；水电1494.38亿元，同比增长68.82%；风电1828.74亿元，同比增长54.67%；太阳能发电1379.18亿元，同比下降33.36%；火电338.29亿元，同比下降46.25%。,"000591.SZ,601669.SH","建筑工程,火力发电,新型电力,电气设备,专用机械",0
2025-10-20,平潭发展公告，公司股票交易价格连续二个交易日内（2025 年 10 月 17 日、10 月 20 日）收盘价格涨幅偏离值累计超过 20%。针对股票交易异常波动，公司进行了核查，并就有关事项征询了公司控股股东及实际控制人。经核查，公司经营情况及内外部经营环境未发生重大变化，前期披露的信息不存在需要更正、补充之处，股票异常波动期间控股股东、实际控制人未买卖公司股票，公司不存在应披露而未披露的重大事项。,000592.SZ,"软件服务,林业",0
2025-10-20,近日，可重复使用火箭朱雀三号首飞箭顺利完成加注合练及静态点火试验，进入首飞关键准备阶段，为今年正式入轨发射及一级回收开展各项准备。朱雀三号是我国面向大型星座组网任务，自主研制的一款大运力、低成本、可重复使用的液体运载火箭，可在执行轨道发射任务后自主高精度返回，在回收场实现软着陆并重复使用。（央视新闻）,,其他,2
2025-10-20,梦洁股份公告，公司于近日收到中国证券监督管理委员会湖南监管局出具的《关于对湖南梦洁家纺股份有限公司采取责令改正并对相关人员采取出具警示函监督管理措施的决定》。主要内容包括：2022年至2024年度，公司直营专柜、子公司福建大方睡眠科技股份有限公司直销业务收入和成本存在跨期确认情形，销售返利存在跨期冲减营业收入情形，职工薪酬及社保存在跨期计提情形。此外，大方睡眠通过往来款方式向叶某峰提供财务资助，截至2025年9月30日，拆借资金余额为6337.63万元。公司及相关人员将按照湖南证监局的要求及时进行整改。,002397.SZ,"水泥,纺织,农药化肥,专用机械",2
2025-10-20,矩子科技公告，第三季度营收为2.27亿元，同比增长18.77%；净利润为3236.46万元，同比增长100.34%。前三季度营收为6.15亿元，同比增长21.40%；净利润为8246.72万元，同比增长33.78%。,300802.SZ,专用机械,0
2025-10-20,晋西车轴公告，第三季度营收为2.64亿元，下降40.52%；净利润为821.35万元，下降68.22%。前三季度营收为8.72亿元，下降0.11%；净利润为2211.44万元，增长268.03%。,600495.SH,运输设备,1
2025-10-20,隆盛科技公告，第三季度营收为5.86亿元，同比增长0.48%；净利润为1.06亿元，同比增长109.83%。前三季度营收为18.1亿元，同比增长10.13%；净利润为2.1亿元，同比增长36.89%。,300680.SZ,"汽车配件,半导体",0
2025-10-20,我国科研团队在机器人算法领域取得重大突破，提出全球首个“力位混合控制算法的统一理论”。该算法无需依赖力传感器，就能让机器人同时学习位置与力的控制，相关任务成功率较只使用位置控制的策略提高了约39.5%。更值得关注的是，其相关论文目前已斩获国际机器人学习大会杰出论文奖，这也是该奖项设立以来，首次由全中国籍学者团队摘得。（科创板日报）,300024.SZ,"石油加工,其他建材,玻璃,互联网,专用机械",0
2025-10-20,百利天恒公告，公司自主研发的创新生物药注射用 T-Bren（HER2 ADC）对比帕博利珠单抗联合含铂化疗用于在一线HER2 突变的晚期或转移性非鳞状非小细胞肺癌 III 期临床试验已于近日完成首例受试者入组。T-Bren（BL-M07D1）是一种靶向HER2 的创新型ADC，已在临床试验中展示出显著的抗肿瘤功效。目前，T-Bren 正在国内外开展 14项临床试验，包括5个 III 期、1个 II/III 期、2个 II 期、3个 I/II 期及 3个 I 期临床试验，覆盖多种适应症。,688506.SH,"化学制药,铝,水务,中成药",0
2025-10-20,中国船舶公告，预计2025年前三季度实现归属于母公司所有者的净利润55.5亿元至61.5亿元之间，与上年同期（按合并完成后重述口径）相比，增加28.33亿元至34.33亿元之间，同比增加104.30%至126.39%；与上年同期披露数（中国船舶）相比，增加32.79亿元至38.79亿元之间，同比增加144.42%至170.85%。预计归属于母公司所有者的扣除非经常性损益的净利润40.8亿元至46.8亿元之间，与上年同期（按合并完成后重述口径）相比，增加21.08亿元至27.08亿元之间，同比增加106.93%至137.36%；与上年同期披露数（中国船舶）相比，增加21.08亿元至27.08亿元之间，同比增加106.93%至137.36%。公司预计2025年前三季度实现净利润75.4亿元至81.4亿元之间。,600150.SH,"船舶,专用机械",0
2025-10-20,望变电气公告，公司股东杨厚群、杨小林、隆志钢和皮天彬因自身资金需求，计划自公告披露之日起15个交易日后的3个月内，减持其持有的公司股份。具体计划为：杨厚群拟通过集中竞价和大宗交易方式分别减持不超过221.02万股和224.92万股，占总股本0.67%和0.68%；杨小林拟减持不超过62.23万股，占总股本0.19%；隆志钢拟减持不超过11.6万股，占总股本0.03%；皮天彬拟减持不超过37.5万股，占总股本0.11%。合计减持股份比例不超过2.35%。,603191.SH,电气设备,0
2025-10-20,布伦特原油期货跌幅扩大至1%，报60.679美元/桶。,,其他,0
2025-10-20,雪峰科技公告，第三季度营收为15.04亿元，同比下降13.66%；净利润为1.61亿元，同比下降23.34%。前三季度营收为41.83亿元，同比下降8.28%；净利润为3.94亿元，同比下降34.60%。,603227.SH,化工原料,2
2025-10-20,优彩资源公告，公司与曲水县人民政府签订《投资协议书》，拟投资约1.5亿元在西藏拉萨市曲水县建设曲水优彩工程复合新材料生产基地项目。项目包括年产3万吨工程复合新材料生产线及相关配套设施，预计建设期为1年，总建筑面积约20200平方米。项目资金来源为公司自有及自筹资金，对公司日常经营、财务状况和持续盈利能力不构成重大不利影响。,002998.SZ,"区域地产,银行,互联网,化纤",0
2025-10-20,香农芯创公告，无锡高新区新动能产业发展基金持有公司2379.34万股，占5.13%，计划自公告披露之日起15个交易日后的2025年11月11日至2026年2月10日，通过集中竞价减持不超463.77万股，占1%，减持价格将依据市场价格确定。,300475.SZ,"软件服务,元器件,化工机械",0
2025-10-20,煌上煌公告，第三季度营收为3.94亿元，同比增长0.62%；净利润为2410.79万元，同比增长34.31%。前三季度营收为13.79亿元，同比下降5.08%；净利润为1.01亿元，同比增长28.59%。,002695.SZ,食品,2
2025-10-20,标准股份公告，公司于2025年10月20日收到控股股东标准集团的通知，其正在筹划可能使公司控制权发生变更的重大事项。因此，公司股票自2025年10月21日起停牌，预计停牌时间不超过2个交易日。停牌期间公司将根据事项进展披露相关信息，待事项确定后发布公告并复牌。,600302.SH,"软件服务,纺织机械",0
2025-10-20,伊克力西斯美股盘前跌超10%，现报35.0美元。,,其他,0
2025-10-20,伟创电气公告，自2025年7月1日至2025年9月30日，公司及控股子公司共取得国家知识产权局颁发的专利证书24项，包括发明专利6项、实用新型专利11项、外观设计专利7项；取得中华人民共和国国家版权局颁发的计算机软件著作权登记证书8项。这些专利和软件著作权的取得有助于进一步完善公司知识产权保护体系，提升核心竞争力。,688698.SH,"建筑工程,区域地产,医药商业,电气设备,互联网,专用机械",0
2025-10-20,光威复材公告，公司董事张月义、段长兵及高级管理人员熊仕军、王壮志合计持有188.09万股，占公司剔除回购专用账户持股后总股本0.2280%，计划自公告披露之日起十五个交易日后三个月内，以集中竞价和大宗交易方式合计减持不超过45.08万股，占0.0546%。其中张月义拟减持48000股、段长兵82787股、熊仕军28万股、王壮志40000股。,300699.SZ,化纤,0
2025-10-20,山水比德公告，公司及相关人员收到广东证监局警示函。警示函指出，公司在2021年9月至2023年8月期间使用闲置募集资金进行现金管理时，产品类型披露不准确，未充分提示购买非保本产品可能受到的本金损失风险，违反了《上市公司信息披露管理办法》相关规定。警示函要求公司及相关责任人加强学习证券法律法规，杜绝此类问题再次发生，并报送整改报告和内部问责情况报告。,300844.SZ,"软件服务,普钢,建筑工程",0
2025-10-20,神火股份公告，总经理张文章持股24.96万股，拟于2025年11月12日至2026年2月11日期间以集中竞价方式减持不超62000股，占公司总股本0.003%；副总经理常振持股25.2万股，拟减持63000股，占0.003%；副总经理、总工程师张敬军持股19.97万股，拟减持49000股，占0.002%；副总经理刘京领持股24.96万股，拟减持62000股，占0.003%；副总经理刘子成持股18.97万股，拟减持47000股，占0.002%；安全监察与应急管理局局长曹广远持股19.97万股，拟减持49000股，占0.002%；六人合计拟减持33.2万股，合计占公司总股本0.015%。,000933.SZ,铝,1
2025-10-20,合力泰公告，第三季度营收为4.26亿元，同比增长18.35%；净利润为651.15万元，同比增长101.61%。前三季度营收为12.59亿元，同比增长23.84%；净利润为1781.03万元，同比增长101.45%。,002217.SZ,"汽车配件,元器件",0
2025-10-20,芳源股份公告，第三季度营收为5.9亿元，同比增长57.30%；净利润为2805.94万元。前三季度营收为14.9亿元，同比增长5.29%；净利润亏损1.21亿元。,688148.SH,电气设备,0
2025-10-20,盛达资源公告，2025年10月20日，子公司东晟矿业收到克什克腾旗应急管理局和人民政府签署的《2025年克什克腾旗非煤矿山企业复工复产审批表》，同意东晟矿业巴彦乌拉银多金属矿25万吨/年采矿项目复工。东晟矿业证载开采矿种包括银矿、铅、锌、金、镓、砷、硫铁矿，目前正在进行矿山建设工作，尚未建成投产。本次事故对东晟矿业矿山建成投产时间未产生重大影响，不会对公司当期经营业绩产生重大影响。,000603.SZ,"铅锌,银行,互联网",0
2025-10-20,利元亨公告，第三季度营收为8.95亿元，同比增长90.63%；净利润为1408.27万元。前三季度营收为24.24亿元，同比增长4.37%；净利润为4749.29万元。,688499.SH,专用机械,0
2025-10-20,俄罗斯总统新闻秘书佩斯科夫20日在简报中称，俄美两国领导人即将在匈牙利布达佩斯会面，双方的筹备工作尚未启动，会面的具体细节也尚未决定，还有大量准备工作待外交部门进行。他表示，俄、美、匈三国领导人的良好关系是选择布达佩斯作为会面地点的重要因素。俄方希望在会面中继续推进以和平方式调解乌克兰问题并讨论俄美关系。就乌克兰问题，俄美双方仍进行认真的沟通。（央视新闻）,,其他,2
2025-10-20,沧州明珠公告，公司已完成回购注销1605.59万股限制性股票，占注销前总股本的0.9641%，涉及激励对象197名，回购资金总额为3307.67万元。同时，公司注销库存股74.05万股，占总股本的0.0445%。此次回购注销及库存股注销后，公司股份总数由16.65亿股减少至16.49亿股。,002108.SZ,"化工原料,塑料",0
2025-10-20,乐鑫科技公告，2025年向特定对象发行股票，发行数量为1044.03万股，发行价格为170.29元/股。本次发行新增普通股股份为有限售条件流通股，预计将于限售期届满后的次一交易日起在上海证券交易所上市流通。,688018.SH,"小金属,半导体",0
2025-10-20,杭州银行公告，公司于2017年12月15日非公开发行了1亿股优先股，发行规模为100亿元人民币。2025年8月27日，公司董事会审议通过了《关于行使优先股赎回权的议案》，同意公司在取得国家金融监督管理总局浙江监管局批准后，按照票面金额加当期该部分优先股已宣告且尚未支付的股息的赎回价格全部赎回优先股。近日，公司收到国家金融监督管理总局浙江监管局办公室关于公司赎回优先股的意见，对公司赎回本次优先股无异议。公司拟于2025年12月15日全额赎回本次优先股。,600926.SH,"全国地产,银行,电器仪表,机床制造,电气设备,互联网",0
2025-10-20,得润电子公告，控股股东深圳市得胜资产管理有限公司所持有的1360万股公司股份将被司法拍卖，占其持有公司股份总数的62.54%，占公司总股本的2.25%。此次拍卖不会对公司生产经营产生重大影响，但若后续有其他司法拍卖情形，公司控制权可能面临变更风险。拍卖时间为2025年11月20日至21日，起拍价为2699.6万元，保证金269.96万元，增价幅度13万元及其倍数。,002055.SZ,"元器件,小金属,园区开发",0
2025-10-20,浙矿股份公告，持股5%以上股东陈连方、陈利刚分别持有公司667.5万股，合计1335万股，占公司总股本13.3498%。二人计划自公告披露之日起15个交易日后的3个月内（2025年11月11日至2026年2月10日），通过大宗交易或集中竞价方式合计减持不超过300万股，占公司总股本2.9999%。拟减持股份来源为公司首次公开发行前股份，减持价格将依据届时市场价格确定。,300837.SZ,"电器仪表,专用机械",0
2025-10-20,当地时间20日，以军当天炮击了位于加沙地带中部的代尔拜拉赫以东地区。以方对此暂无回应。（央视新闻）,,其他,0
2025-10-20,南天信息公告，第三季度营收为25.11亿元，同比增长32.56%；净利润亏损589.69万元，下降119.29%。前三季度营收为70.91亿元，同比增长21.90%；净利润亏损1089.98万元，下降119.49%。,000948.SZ,软件服务,0
2025-10-20,丰元股份公告，全资子公司丰元锂能与武汉楚能新能源有限公司、孝感楚能新能源创新科技有限公司、宜昌楚能新能源创新科技有限公司签订了《磷酸铁锂合作框架协议》。根据协议，在未来三年内，丰元锂能将向楚能新能源供应磷酸铁锂正极材料产品10万吨。此举旨在构建稳定、互信、共赢的合作伙伴关系，共同推动双方在新能源材料领域的快速发展。,002805.SZ,"电气设备,化学制药,铝,电器仪表",0
2025-10-20,视源股份公告，第三季度营收为75.22亿元，同比增长6.96%；净利润为4.69亿元，同比增长7.79%。前三季度营收为180.87亿元，同比增长5.45%；净利润为8.67亿元，同比下降6.81%。,002841.SZ,元器件,0
2025-10-20,华映科技公告，第三季度营收为3.18亿元，同比下降29.54%；净利润亏损2.45亿元，下降13.85%。前三季度营收为10.39亿元，同比下降21.03%；净利润亏损7.22亿元，下降14.94%。,000536.SZ,元器件,0
2025-10-20,蓝箭电子公告，持股6.76%的银圣宇计划自2025年11月12日至2026年2月11日期间，以大宗交易方式减持不超480万股，占总股本2%；持股1.00%的比邻创新同期拟以大宗交易方式减持不超240万股，占总股本1%。减持价格不低于公司首次公开发行价，两股东减持原因为自身资金需求及基金到期退出需求。,301348.SZ,"园区开发,铝,电器仪表,半导体",0
2025-10-20,晨光电缆公告，董事王会良持股989.54万股，占4.9084%，拟通过集中竞价方式减持不超过247.38万股，占公司总股本1.2271%；减持期限为本公告披露之日起15个交易日后的3个月内，减持价格根据市场价格确定，所减股份来源为北交所上市前取得，减持原因为个人资金需求。,920639.BJ,"电气设备,专用机械",0
2025-10-20,皇台酒业公告，控股股东甘肃盛达自2025年4月8日起6个月内实施增持计划，计划金额6000万元至1.2亿元，无固定价格区间限制。截至2025年10月20日，甘肃盛达通过深交所集中竞价累计增持408.49万股，占公司总股本2.3%，耗资6000.12万元，其与一致行动人表决权合计比例由22.71%升至25.02%，本次增持计划已全部完成。,000995.SZ,"文教休闲,铅锌,水力发电,白酒,食品",0
2025-10-20,长春高新公告，子公司金赛药业收到国家药品监督管理局核准签发的《药物临床试验批准通知书》，同意注射用 GenSci139 单药在晚期实体瘤患者中开展临床试验。GenSci139 是金赛药业自主研发的一款靶向 EGFR 和 HER2 的双特异性抗体偶联药物（BsADC），具有自主知识产权。此次临床试验的获批将有利于公司拓宽业务范围、优化产品结构，并丰富完善战略领域产品线布局、提升公司核心竞争力。,000661.SZ,"供气供热,软件服务,生物制药",0
2025-10-20,国家药监局发布关于开展化妆品电子标签试点工作的通知，决定开展化妆品电子标签试点工作。自2026年2月1日起，在北京市、上海市、浙江省、山东省、广东省、重庆市试点通过电子标签方式标注化妆品中文标签。试点工作为期3年。海南离岛免税化妆品电子标签试点工作可按照本通知要求执行。化妆品电子标签是化妆品标签的组成部分，应当符合《条例》及其配套规章、规范性文件和本通知的要求。,,"出版业,园区开发,银行,机床制造,多元金融,普钢,玻璃,半导体",0
2025-10-20,经深房中协统计，2025年第42周（10.13~10.19）全市二手房（含自助）录得1696套，环比增长39.1%，二手房录得量创近半年来单周新高。另据深圳市房地产信息平台数据，2025年第42周全市新房（预售+现售）成交量节后出现修复性增长，新房周成交883套。从区域看，龙岗区域录得量激增，遥遥领先其他区域。,,"软件服务,小金属",0
2025-10-20,10月20日，优必选宣布，前长城汽车AI Lab负责人杨继峰已加入优必选智慧物流子公司UQI优奇，出任技术合伙人兼联席CEO。杨继峰将领导UQI优奇工业人形机器人、L4级无人物流车等产品的核心研发，并主导海外业务开拓。,"601633.SH,300024.SZ","通信设备,汽车配件,汽车整车,农用机械,电气设备,专用机械",0
2025-10-20,香港证监会上周于香港及大湾区基金行政管理人协会举办的研讨会上表达对市场推动监管合规的支持，该研讨会旨在提升业界在迅速发展的数字资产行业中对监管合规标准的认知。香港证监会中介机构部执行董事叶志衡博士于研讨会上发表专题演说。在研讨会上，香港及大湾区基金行政管理人协会讨论了多项风险管理及监控措施，以支持数字资产基金及代币化基金的管理工作。值得注意的是，该讨论强调基金行业内部合作的重要性，以加强在基金管理中采用创新科技的同时，提升数字资产相关的技术及监管合规能力。叶博士表示：“证监会致力提升专业水平，并促进数字资产市场的互信。透过支持业界人士持续致力于遵守在管理数字资产基金及代币化基金的监管规定，我们期望以稳健风险管理及投资者保障为基础，建立一个安全、可靠、可持续及具竞争力的数字资产基金生态系统。”,,"软件服务,造纸,通信设备,纺织机械,铝,医疗保健,其他商业,互联网",0
2025-10-20,国务院任免国家工作人员。任命陈军生为国家粮食和物资储备局副局长。免去王灵桂的国务院港澳事务办公室副主任职务；免去刘小南的国家粮食和物资储备局副局长职务。,,其他,0
2025-10-20,安通控股公告，公司股票交易连续3个交易日收盘价格涨幅累计超过20%，属于股票交易异常波动。经自查和向控股股东询证，截至公告披露日，公司不存在应披露而未披露的重大信息。公司提醒投资者注意二级市场交易风险，并关注后续公告以注意投资风险。,600179.SH,"软件服务,水运",0
2025-10-20,东土科技公告，公司正在筹划发行股份等方式购买资产事项，标的公司为北京高威科电气技术股份有限公司。公司股票自2025年10月21日开市时起停牌，预计在10个交易日内披露本次发行股份购买资产的交易方案。公司拟以发行股份及支付现金方式购买高威科100%股权，并募集配套资金。本次交易对方为包括标的公司实际控制人张浔、刘新平及其他股东在内的全部43名股东。,300353.SZ,"电气设备,通信设备,银行",0
2025-10-20,安泰集团公告，公司股票自2025年10月9日至今涨幅达44.69%，其中10月16日、10月17日、10月20日连续三个交易日涨停。公司目前生产经营正常，基本面未发生重大变化。,600408.SH,焦炭加工,0
2025-10-20,万润科技公告，公司股票连续3个交易日（2025年10月16日、10月17日、10月20日）日收盘价格涨幅累计超过20%。经核实，公司前期披露信息无需更正或补充，近日市场上传播的“万润科技线上反路演及获得大额订单”信息不实。公司近期生产经营正常，内外部环境未发生重大变化，控股股东及实际控制人未筹划重大事项，且在股票异常波动期间未买卖公司股票。,002654.SZ,"电气设备,软件服务,电信运营,互联网",0
2025-10-20,长源东谷公告，第三季度营收为6.12亿元，同比增长23.84%；净利润为1.1亿元，同比增长84.08%。前三季度营收为16.48亿元，同比增长29.75%；净利润为2.74亿元，同比增长76.71%。,603950.SH,汽车配件,0
2025-10-20,记者采访四川、重庆等地的家长了解到，目前很多家长都反映育儿补贴的审核已经通过。从各地的消息来看，地方育儿补贴的审核也在提速。比如10月12日，青海西宁当地媒体发布消息称，截至目前，全市已受理育儿补贴申领39669件，首批审核通过14109件。那么，育儿补贴什么时候将发放？记者了解到的情况是，各地的发放时间并不相同，比如西宁预计在10月底发放第一批育儿补贴资金，不过也有地方表示会在11月或者12月发放。（21世纪经济报道）,,"路桥,银行,特种钢,医药商业,互联网",0
2025-10-20,希尔顿集团10月20日宣布，上海前滩华尔道夫酒店开业，这是该集团在中国市场开业的第888家酒店。希尔顿集团大中华区及蒙古总裁钱进接受记者采访时透露，明年年初预计希尔顿集团在中国市场将达到1000家酒店。“去年的8月，我们在中国市场的第700家酒店开业，一年多后，我们在中国市场酒店数量达到888家。目前在中国市场，我们每2天会新开业一家酒店，每3秒钟会有新会员加入。按照这个速度，我们预计明年的年初，希尔顿集团在中国市场的开业酒店数量将达到1000家。”钱进告诉记者。（第一财经）,,"软件服务,区域地产,医药商业,化工原料,普钢,专用机械,半导体",0
2025-10-20,DeepSeek-AI 团队发布《DeepSeek-OCR：Contexts Optical Compression》论文，提出利用视觉模态压缩长文本上下文的新方法。Hugging Face 页面显示，该模型的参数量为3B。,,互联网,0
2025-10-20,世纪天鸿公告，公司董事张学军因公司治理结构调整，申请辞去第四届董事会董事职务。张学军将继续在公司担任其他职务，其辞任不会导致公司董事会成员低于法定最低人数。公司职工代表大会选举张学军为第四届董事会职工代表董事，任期至第四届董事会届满。张学军现持有公司股份188.3万股，占总股本的0.51%。,300654.SZ,"出版业,互联网",0
2025-10-20,中国移动公告，2025年首3季度营业收入为人民币7947亿元，同比增长0.4%。股东应占利润为人民币1154亿元，同比增长4.0%。,600941.SH,"电信运营,互联网,专用机械",0
2025-10-20,梦天家居公告，控股股东一致行动人嘉兴梦悦投资管理合伙企业（有限合伙）持有830万股，占3.73%，拟于2025年11月12日至2026年2月11日通过集中竞价减持不超170.41万股，占0.77%，减持价格不低于公司首次公开发行股票时的发行价格。,603216.SH,"家居用品,文教休闲,电器仪表,食品",0
2025-10-20,中国移动公告，2025年三季度客户总数为10.09亿户，本季度净增客户数为399.6万户，本年累计净增客户数为455.9万户。5G网络客户数为6.22亿户。有线宽带业务客户总数为3.29亿户，本季度净增客户数为553.7万户，本年累计净增客户数为1419.6万户。,600941.SH,"电信运营,专用机械",0
2025-10-20,佳云科技公告，公司计划向闪修侠出售全资子公司海力保险经纪（深圳）有限公司全部股权。双方已于2025年10月20日签订了《股权收购意向协议》。此次交易旨在优化业务结构，提升公司资产运营效率，集中资源发展互联网营销业务。海力保险注册资本为5000万元人民币，主要从事保险经纪业务。交易对价将以中介机构出具的审计报告为基础，双方将协商确定。付款进度包括尽职调查前支付10万元尽调保证金，正式协议签署后5个工作日内支付总对价的20%，股权变更登记后支付40%，剩余40%在完成监管报备手续且处理完全部历史债务后支付。,300242.SZ,"电气设备,互联网,小金属",0
2025-10-20,孚日股份公告，公司股票交易价格连续2个交易日（2025年10月17日、2025年10月20日）收盘价格涨幅偏离值累计超过22.79%，属于股票交易异常波动的情形。公司董事会对有关事项进行了核实，认为公司前期披露的信息无需更正或补充，目前经营情况正常，内外部环境未发生重大变化，近期未有影响股价的未公开重大信息，控股股东、实际控制人未在异常波动期间买卖股票，公司不存在违反公平信息披露规定的情形。,002083.SZ,"软件服务,纺织",0
2025-10-20,华立股份公告，截至2025年10月20日，股东谢劭庄已通过大宗交易及集中竞价合计减持806.03万股，占公司总股本3%，减持时间为2025年10月13日至2025年10月20日，成交价格区间16.29～21.78元/股，套现1.46亿元。减持后其持股降至612.32万股，持股比例2.28%；其与一致行动人谭洪汝合计持股比例由16.93%降至13.93%，本次减持计划已完成并触及1%刻度。,603038.SH,"家居用品,文教休闲,食品",0
2025-10-20,香港国际机场20日发生货机坠海意外。香港民航处通报此次事故：20日凌晨约三时五十分发生一宗事故。一架由阿联酋阿勒马克图姆国际机场抵港的B744货机（航班编号UAE9788）在北跑道降落后出现偏离情况滑出海面。空管人员已即时按既定机制通知机场管理局及其他救援单位。初步资料显示，机上四名机组人员已获救送院，另外两名地面工作人员受事故影响堕海，情况有待确定。北跑道因事件关闭，南跑道及中跑道将继续维持运作。香港民航处表示事件定性为意外，将调查相关原因。（广州日报）,,"机床制造,玻璃,食品",0
2025-10-20,2025年10月20日，外交部亚非司司长陈伟庆应约同卡塔尔外交部亚洲司司长贾哈拉举行视频会，就中卡关系及共同关心的地区问题交换意见。（外交部网站）,,化学制药,0
2025-10-20,天眼查工商信息显示，近日，优谱汇智（北京）科技有限公司成立，法定代表人为陈峰波，注册资本1200万人民币，经营范围包括科技中介服务、信息系统集成服务、软件销售、软件外包服务、教学专用仪器销售等。股东信息显示，该公司由优必选、优选汇智（北京）科技有限公司共同持股。,,"软件服务,化学制药,通信设备,银行,互联网",2
2025-10-20,旗滨集团公告，2025年10月20日，公司以集中竞价交易方式首次回购公司股份468.33万股，占公司总股本的比例为0.1745%，购买的最高价为7.07元/股、最低价为6.94元/股，支付的总金额为人民币3287.33万元（不含交易费用）。此次回购符合相关法律法规的规定及公司既定的回购股份方案。,601636.SH,"玻璃,互联网",0
2025-10-20,英国媒体19日报道，英国国防大臣约翰·希利即将发布应对“外来无人机侵扰”的最新措施，包括授予英军对“威胁本国军事基地安全”的不明无人机予以“当场击落”的权限。（央视新闻）,,其他,0
2025-10-20,联合国驻也门办事处一名消息人士20日称，在也门首都萨那的一处联合国外籍雇员住宅区仍有20名联合国雇员被胡塞武装扣押，其中包括15名外国人和5名也门人。这名消息人士称，胡塞武装18日突袭了这处联合国外籍雇员住宅区，19日晚间释放了11名当地雇员，其余20名雇员仍被扣押在此处。该消息人士称，胡塞武装情报人员仍驻扎在该住宅区内，并继续审讯被扣押的联合国雇员。但这些雇员被允许与家人进行有限接触。据悉，被扣押者包括联合国儿童基金会驻也门代表彼得·霍金斯，以及多个联合国机构和国际组织的外籍代表。（央视新闻）,,"玻璃,软件服务,工程机械,水务",0
2025-10-20,神火股份公告，第三季度营收为105.76亿元，同比增长4.79%；净利润为15.85亿元，同比增长26.39%。前三季度营收为310.05亿元，同比增长9.50%；净利润为34.9亿元，同比下降1.38%。,000933.SZ,铝,0
2025-10-20,宁波华翔公告，近日收到深圳证券交易所出具的《关于受理宁波华翔电子股份有限公司向特定对象发行股票申请文件的通知》。深圳证券交易所对公司报送的向特定对象发行股票的申请文件进行了核对，认为申请文件齐备，决定予以受理。本次向特定对象发行A股股票事项尚需深圳证券交易所审核通过，并获得中国证券监督管理委员会同意注册后方可实施。,002048.SZ,"园区开发,汽车配件,机械基件,小金属,专用机械",0
2025-10-20,10月20日，IBM与美国AI公司Groq宣布建立战略性市场推广和技术合作伙伴关系，旨在让客户能够在Watson x Orchestrate上立即访问Groq的推理技术GroqCloud，为客户提供高速AI推理功能。,,通信设备,0
2025-10-20,嘉泽新能公告，持股8.64%的股东GLP Renewable Energy Investment I Limited计划2025年11月11日至2026年2月11日，通过大宗交易和集中竞价分别减持不超2%和1%，合计不超8737.97万股，占公司总股本3%。,601619.SH,"电气设备,新型电力",0
2025-10-20,OpenAI：所有受影响的服务现已完全恢复。,,其他,0
2025-10-20,启迪环境公告，控股子公司昆明滇清生物科技发展有限公司因逃避监管方式排放水污染物，收到昆明市生态环境局下发的《行政处罚决定书》，罚款金额为人民币26.7万元。目前，罚款已全额缴纳，对公司生产经营未产生重大影响。公司将提高环保意识，加强内部管理和控制水平，维护公司及投资者利益。,000826.SZ,"互联网,建筑工程,中成药,环境保护",0
2025-10-20,金徽股份公告，公司部分董事、监事及高级管理人员于2025年4月21日至2025年10月16日，通过上交所集中竞价累计增持50.97万股，增持金额633.77万元，占总股本0.0521%。本次增持计划实施完毕，实际增持金额达到既定下限600万元，未超上限770万元；增持主体承诺完成后6个月内不减持。,603132.SH,"铅锌,白酒",0
2025-10-20,伊朗武装部队总参谋长穆萨维在出席军校毕业典礼时表示，伊朗已做好充分准备应对任何可能发生的敌对行动。他指出，尽管敌对势力本性凶残且具有侵略性，但鉴于其（在以伊冲突中）已遭受重创，只要保持理智，短期内不太可能再次采取错误行动。穆萨维表示，伊朗方面正密切监视敌方动态，伊朗不是好战之国，但已做好准备充分，且熟悉相关停火规则。目前伊方并无立即采取军事行动的意图，但一旦遭到挑衅或攻击，伊朗的回应将“完全不同于以往”。 （央视新闻）,,文教休闲,0
2025-10-20,财政部、税务总局联合发布通知，决定组织开展代理记账机构代理记账及涉税业务联合监管试点工作。此次试点工作旨在加强代理记账机构监督管理，提高代理记账机构代理记账及涉税业务服务质量，规范行业市场秩序，促进行业健康发展。试点范围包括河北省、内蒙古自治区、江苏省等10省市，试点期限为一年。通过加强政策制度衔接、推动信息共享、联合开展专项检查等任务，共同推动代理记账机构提升执业质量，为中小微企业健康发展、维护国家税收利益提供有力支撑。（财政部）,,"出版业,软件服务,化学制药,水务,专用机械",2
2025-10-20,宁夏建材公告，第三季度营收为14.9亿元，同比下降39.75%；净利润为1.16亿元，同比下降2.16%。前三季度营收为40.45亿元，同比下降40.27%；净利润为2.21亿元，同比增长29.62%。,600449.SH,水泥,0
2025-10-20,亚马逊云服务(AWS)表示，确认依赖于美国东部1区的全球服务和功能已经恢复。（财联社）,,其他,0
2025-10-20,加拿大总理卡尼近日在接受采访时明确表示，若以色列总理内塔尼亚胡进入加拿大境内，将依据国际刑事法院签发的逮捕令对其进行逮捕。卡尼在接受采访时被问及，“特鲁多曾表示，加拿大将遵守国际刑事法院的逮捕令，也就是说，如果内塔尼亚胡来到加拿大，在您的领导下，加拿大也会采取同样的措施吗”，“您准备好这样做了吗”，对此，卡尼作出肯定答复。 （环球网）,,"玻璃,广告包装",0
2025-10-20,天富能源公告，第三季度营收为18.63亿元，下降15.13%；净利润为7044.03万元，下降61.02%。前三季度营收为59.29亿元，下降12.10%；净利润为3.74亿元，下降24.23%。,600509.SH,"火力发电,化纤",1
2025-10-20,天富能源公告，公司第八届董事会第十八次会议审议通过《关于出售公司碳排放配额的议案》。拟通过全国碳排放权交易系统以协议转让、单项竞价及其他符合规定的方式出售碳排放配额约64万吨，交易价格根据全国碳市场碳排放配额价格走势择机处置，并授权公司管理层具体开展碳排放配额处置相关工作并签署相关合同及文件。,600509.SH,"火力发电,化纤",0
2025-10-20,TrendForce集邦咨询最新报告指出，OLEDoS作为中高阶VR/MR装置的显示技术，正迎来供应链与应用端的双重突破，预估在VR/MR的渗透率将于2030年迅速提升至58%。由于Meta、Apple、Sony等国际品牌出货表现难达预期，TrendForce集邦咨询估计2025年全球VR/MR产品出货量将回落至560万台。尽管短期遭遇发展挑战，长期而言，受惠于主要品牌双重布局软件与硬件升级，预估2030年全球出货量将达到1440万台。（集邦咨询）,,玻璃,2
2025-10-20,永鼎股份公告，第三季度营收为13.71亿元，同比增长19.06%；净利润为1057.1万元，同比下降59.35%。前三季度营收为36.3亿元，同比增长22.13%；净利润为3.29亿元，同比增长474.30%。,600105.SH,通信设备,0
2025-10-20,燕京啤酒公告，第三季度营收为48.75亿元，同比增长1.55%；净利润为6.68亿元，同比增长26.00%。前三季度营收为134.33亿元，同比增长4.57%；净利润为17.7亿元，同比增长37.45%。,000729.SZ,啤酒,0
2025-10-20,恒而达公告，第三季度营收为1.58亿元，同比增长11.56%；净利润为94.37万元，下降95.96%。前三季度营收为4.78亿元，同比增长8.37%；净利润为4405.31万元，同比下降44.24%。,300946.SZ,机械基件,0
2025-10-20,浩通科技公告，第三季度营收为10.38亿元，同比增长60.53%；净利润为3300.11万元，同比增长49.06%。前三季度营收为23.85亿元，同比增长0.36%；净利润为1.17亿元，同比增长18.31%。,301026.SZ,小金属,2
2025-10-20,祥源新材公告，第三季度营收为1.69亿元，同比增长33.70%；净利润为2051.1万元，同比增长105.37%。前三季度营收为4.4亿元，同比增长32.34%；净利润为4065.22万元，同比增长94.49%。,300980.SZ,"旅游景点,塑料",0
2025-10-20,飞力达公告，第三季度营收为16.29亿元，同比下降5.37%；净利润为332.54万元，同比增长277.92%。前三季度营收为46.59亿元，同比下降6.81%；净利润为3319.3万元，同比增长49.10%。,300240.SZ,仓储物流,0
2025-10-20,湖北广电公告，第三季度营收为3.14亿元，同比下降18.42%；净利润亏损1.42亿元。前三季度营收为11.36亿元，同比下降13.27%；净利润亏损3.88亿元，同比下降10.89%。,000665.SZ,"电气设备,影视音像,水力发电",0
2025-10-20,中国海油公告，周心怀先生因任职变化辞任公司执行董事、副董事长及首席执行官，自2025年10月20日生效。周先生将不再担任公司战略与可持续发展委员会成员。董事会对周先生为公司及海洋石油事业所作出的贡献表示衷心的感谢。,600938.SH,"证券,石油开采,元器件,专用机械",2
2025-10-20,科远智慧公告，第三季度营收为3.72亿元，同比增长4.22%；净利润为8125.73万元，同比增长68.30%。前三季度营收为13.53亿元，同比增长16.38%；净利润为2.17亿元，同比增长36.87%。,002380.SZ,"软件服务,农用机械",0
2025-10-20,科大讯飞公告，第三季度营收为60.78亿元，同比增长10.02%；净利润为1.72亿元，同比增长202.40%。前三季度营收为169.89亿元，同比增长14.41%；净利润亏损6667.54万元，同比减亏，去年同期亏损3.38亿元。,002230.SZ,软件服务,0
2025-10-20,弘宇股份公告，第三季度营收为6982.92万元，下降0.27%；净利润为353.93万元，下降22.31%。前三季度营收为2.43亿元，下降4.90%；净利润为1189.88万元，下降13.65%。,002890.SZ,农用机械,0
2025-10-20,周大生公告，2025年9月份公司新增6家自营门店。其中包括周大生经典南宁五象万象汇专卖店、周大生广州白云湖金铂广场专卖店、周大生国家宝藏重庆渝北花园光环购物中心专卖店、周大生国家宝藏深圳宝安大悦城专卖店、周大生国家宝藏重庆龙湖时代天街专卖店以及周大生北京海淀8号购物广场专卖店。这些门店主要经营素金和镶嵌商品，总面积从41平方米到298.71平方米不等，总投资金额在525万元至1218万元之间。,"000031.SZ,002867.SZ","软件服务,百货,化学制药,全国地产,银行,小金属,食品,电气设备,服饰,运输设备",0
2025-10-20,安阳钢铁公告，控股子公司河南安钢周口钢铁有限责任公司拟通过产权交易机构公开征集投资方，以增资扩股方式增加注册资金总额，增资金额不超过10亿元。公司拟放弃本次增资优先认购权。增资完成后，公司将继续作为周口公司控股股东，对周口公司拥有实际控制权。周口公司最近一年经审计的资产总额为110.61亿元，负债总额为77.19亿元，营业收入为48.08亿元，净利润为-1.25亿元。增资资金主要用于偿还银行发放贷款形成的存量债权、股东借款，有利于提升周口公司持续经营能力。,600569.SH,普钢,0
2025-10-20,四川九洲公告，公司本次注销的回购股份数量为648.19万股，占注销前公司总股本的0.6337%。本次注销完成后，公司总股本将由10.23亿股变更为10.16亿股。本次回购股份注销事宜已于2025年10月17日办理完成。此次注销有利于维护全体股东利益，优化资本结构，提升每股收益及净资产收益率。,000801.SZ,"汽车配件,路桥,医疗保健,家用电器",0
2025-10-20,吉峰科技公告，公司持股5%以上股东王新明、王红艳及其一致行动人山南神宇计划自公告披露之日起15个交易日后的三个月内，即2025年11月11日至2026年2月10日，通过集中竞价和大宗交易方式合计减持不超过1482.72万股，占公司总股本3.00%，其中集中竞价不超过1%，大宗交易不超过2%。,300022.SZ,"文教休闲,通信设备,食品,专用机械,农用机械",0
2025-10-20,美芯晟公告，第三季度营收为1.56亿元，同比增长66.31%；净利润为531.29万元，同比增长132.74%。前三季度营收为4.22亿元，同比增长46.47%；净利润为1031.98万元，同比增长132.00%。,688458.SH,半导体,0
2025-10-20,鼎阳科技公告，股东秦轲、邵海涛、赵亚锋、鼎力向阳、众力扛鼎、博时同裕计划通过询价转让方式转让股份总数为318.4万股，占公司总股本的2.00%。此次询价转让价格下限不低于发送认购邀请书之日（2025年10月20日）前20个交易日股票交易均价的70%。受让方为具备相应定价能力和风险承受能力的机构投资者。此次转让不通过集中竞价交易或大宗交易方式进行，不属于通过二级市场减持。,688112.SH,电器仪表,2
2025-10-20,润本股份公告，第三季度营收为3.42亿元，同比增长16.67%；净利润为7852.28万元，同比下降2.89%。前三季度营收为12.38亿元，同比增长19.28%；净利润为2.66亿元，同比增长1.98%。,603193.SH,日用化工,0
2025-10-20,工业富联发布半年度利润分配方案的公告，公司拟向全体股东每10股派发现金红利3.3元（含税），不送红股，不进行资本公积转增。截至2025年9月30日，公司总股本198.58亿股，扣除公司回购专用证券账户持有的股数769.74万股，以198.5亿股为基数计算，合计拟派发现金红利65.51亿元（含税）。本次现金分红占公司2025年半年度归属于上市公司股东的净利润比例为54.08%。,601138.SH,"纺织,通信设备",0
2025-10-20,联合国驻也门办事处一名消息人士20日向新华社记者透露，在也门首都萨那的一处联合国外籍雇员住宅区仍有20名联合国雇员被胡塞武装扣押，其中包括15名外国人和5名也门人。这名不愿透露姓名的消息人士称，胡塞武装18日突袭了这处联合国外籍雇员住宅区，19日晚间释放了11名当地雇员，其余20名雇员仍被扣押在此处。（人民财讯）,,"软件服务,水务,互联网",0
2025-10-20,药捷安康-B公告，于2025年10月20日，董事会已考虑及批准向中国证监会提交申请，将公司10名股东持有的4497.11万股内资股转换为H股，占公司已发行股份总数约11.33%。该等内资股转换为H股并符合资格于联交所主板上市及买卖。公司实施转换及上市计划之细节尚未落实，将予转换之内资股最终数目以及转换及上市之完成，均须待中国证监会、联交所及其他相关国内外监管机构规定之相关程序完成后方可确定。,,"软件服务,专用机械",0
2025-10-20,中策橡胶公告，第三季度营收为118.28亿元，同比增长9.77%；净利润为11.91亿元，同比增长76.56%。前三季度营收为336.83亿元，同比增长14.98%；净利润为35.13亿元，同比增长9.30%。,603049.SH,汽车配件,0
2025-10-20,据中国汽车流通协会消息，10月16日，中国汽车流通协会传统经典车分会筹备会在京顺利举行。会议明确，中国汽车流通协会传统经典车分会成立大会拟于11月6日在海口国际会议展览中心举办的“2025中国汽车流通行业年会暨博览会”期间召开。下一步，中国汽车流通协会传统经典车分会将以拟召开的成立大会为契机，全面整合行业资源，强化政策沟通与标准落地。深化调研摸底，向行业主管部门常态化反馈行业诉求和最新进展。为试点城市提供专业支撑，协助开展试点经验总结推广。助力传统经典车产业成为汽车消费升级与文化产业发展的新增长点。(第一财经),,"出版业,纺织机械,IT设备,医药商业,玻璃,专用机械",0
2025-10-20,财政部、中国人民银行定于2025年10月23日上午9:00至9:30，通过中国人民银行中央国库现金管理商业银行定期存款业务系统进行2025年中央国库现金管理商业银行定期存款（十期）招投标。本期操作量1200亿元，期限1个月（28天），起息日为2025年10月23日，到期日为2025年11月20日（遇节假日顺延），面向中央国库现金管理商业银行定期存款业务参与银行进行利率招标。（人民财讯）,,"钢加工,百货,建筑工程,互联网,专用机械",0
2025-10-20,东峰集团公告，拟变更公司名称为“衢州东峰新材料集团股份有限公司”，证券简称变更为“衢州东峰”，注册地址变更为“浙江省衢州市世纪大道677号602室”。公司证券代码“601515”保持不变。变更尚需向上海证券交易所提出申请，并经审核方可实施。,601515.SH,"全国地产,机床制造,广告包装,互联网,半导体",0
2025-10-20,香港天文台今日（20日）发出三号强风信号。由于三号热带气旋警告信号至少会维持至明日下午六时，香港幼稚园、肢体伤残儿童学校及智障儿童学校明日将停课。（大湾区之声）,,其他,0
2025-10-20,作为中秘高质量共建“一带一路”的重点项目，钱凯港的正式投入使用引领着“钱凯-上海”新时代亚拉陆海新通道的开启，为中国与秘鲁经贸往来架起了全新桥梁。今年前三季度，上海海关累计监管经该航线进出口货物15.4万吨、货值39.7亿元。受该航线带动作用，今年前三季度，上海对秘鲁进出口值同比增长56.9%。（人民财讯）,,"运输设备,电器仪表,广告包装,化工原料,其他商业,专用机械,互联网,半导体",0
2025-10-20,华森制药公告，公司于近日收到国家药品监督管理局核准签发的关于产品克唑替尼胶囊的《药品注册证书》（证书编号：2025S03143）。克唑替尼胶囊主要用于治疗间变性淋巴瘤激酶（ALK）阳性的局部晚期或转移性非小细胞肺癌（NSCLC）患者，以及ROS1阳性的晚期非小细胞肺癌（NSCLC）患者。,002907.SZ,中成药,1
2025-10-20,"明新旭腾公告，公司与上海清宝拟在上海共同投资设立合资公司以开展灵巧手研发、制造及销售业务。合资公司注册资本 1,200 万元，公司拟以自有资金出资780 万元，占比 65%，上海清宝以知识产权作价 420 万元出资，占比35%。",605068.SH,"汽车配件,化学制药,半导体",0
2025-10-20,当地时间10月20日，伊朗外交部发言人巴加埃表示，伊朗与美方的接触仍在通过第三方间接进行，但这并不意味着正式谈判已经开始。巴加埃指出，只有当各方在相互尊重彼此权利与关切的基础上达成共识，并展开平等对话时，谈判才有实际意义，而目前尚不具备这一条件。在被问及埃及是否是伊朗和美国之间新的斡旋方时，巴加埃称，近期伊朗与埃及之间的外交会晤与接触主要聚焦于加沙局势的发展，以及立即制止以色列暴行的必要性。（央视新闻）,,其他,0
2025-10-20,麒麟信安公告，第三季度营收为6495.66万元，同比增长7.33%；净利润亏损804.13万元。前三季度营收为1.59亿元，同比增长6.06%；净利润亏损1842.51万元。,688152.SH,软件服务,0
2025-10-20,2025年10月9日，我国期货市场资金总量突破2万亿，约为2.02万亿元，较2024年底增长24%。继2021年2月突破万亿、2022年6月突破1.5万亿后，期货市场资金总量再上新台阶。2025年10月9日，期货公司客户权益合计约为1.91万亿元，较2024年底增长24%。（中国期货市场监控中心）,,专用机械,0
2025-10-20,神马电力公告，第三季度营收为4.59亿元，同比增长33.38%；净利润为1.17亿元，同比增长56.69%。前三季度营收为11.63亿元，同比增长29.91%；净利润为2.77亿元，同比增长28.49%。,603530.SH,电气设备,0
2025-10-20,百度旗下的小度AI眼镜将在11月举行百度世界2025大会上正式推出，计划于今年年内开售。（科创板日报）,,其他建材,0
2025-10-20,长城科技公告，第三季度营收为31.6亿元，同比下降0.92%；净利润为7763.58万元，同比增长5.82%。前三季度营收为94.43亿元，同比下降0.68%；净利润为2.15亿元，同比增长13.80%。,603897.SH,电气设备,0
2025-10-20,据悉，阿里夸克内部正推进一项代号为“C计划”的AI业务，该计划由夸克核心团队主导，通义实验室也有多位高级别成员参与。多位消息人士透露，该计划与对话式AI应用布局相关，且近日将有首个新成果落地。据消息人士透露，“C计划”已在夸克内部秘密推进了很长一段时间，即将浮出水面的只是阶段性成果。“这是一个需要长期投入，且依赖模型技术突破的产品。”关于“C计划”代号由来，目前有几种猜测。一种说法认为，“C”代表“Chat”，即夸克可能会推出全新的对话形态。另一个更具火药味的内部猜测是，代号“C”取自经典游戏“吃豆人（Pac-Man）”，寓意不言自明，“其目标直指豆包”。截至目前，夸克方面未就上述消息作出相关回应。（新浪科技）,,其他商业,0
2025-10-20,微盟集团公告，正式宣布与抖音集团旗下综合的数字化营销服务平台巨量引擎开展业务合作。本集团旗下上海盟耀信息科技有限公司成为巨量引擎广告业务综合代理商和巨量千川服务商，牌照期限自2025年9月26日至2025年12月31日。微盟集团将依托领先的AI技术能力、成熟的销售渠道、卓越的服务运营和坚实的客户基础，积极拓展在巨量引擎的广告业务份额，推动营销业务收入与利润的进一步增长，并寻求其他业务方向的更多合作机会。,,"软件服务,环境保护,半导体",0
2025-10-20,鼎通科技公告，第三季度营收为3.72亿元，同比增长48.12%；净利润为6117.5万元，同比增长110.67%。前三季度营收为11.56亿元，同比增长64.45%；净利润为1.77亿元，同比增长125.39%。,688668.SH,通信设备,0
2025-10-20,华润双鹤公告，全资子公司北京万辉双鹤药业有限责任公司收到国家药品监督管理局颁发的阿法骨化醇软胶囊《药品注册证书》。该药品适用于治疗内源性125-二羟基维生素D3产生不足所致的钙代谢紊乱性疾病，如肾性骨营养不良、术后性或特发性甲状旁腺功能低下症、假性甲状旁腺功能低下症、作为第三性甲状旁腺功能亢进的辅助治疗、抗维生素D性佝偻病或骨软化症、维生素D依赖型佝偻病、新生儿低钙血症或佝偻病、钙吸收不良症、骨质疏松症、吸收不良性及营养性佝偻病及骨软化症。公司于2022年8月启动该药品的仿制药研发工作，于2024年6月18日提交上市许可申请，于2024年6月25日获得受理通知书，并于2025年10月14日获得批准上市。截至公告日，公司累计研发投入为493.02万元人民币。,600062.SH,"房产服务,化学制药,银行,互联网,半导体",0
2025-10-20,10月20日，唯特偶在机构调研时表示，当前宏观面多空交织，美联储降息预期升温但中美关税博弈反复，市场情绪偏谨慎。基本面来看，10月国内大型炼厂锡锭产出将恢复，不过矿端原料仍偏紧形成供应支撑；需求端疲软，订单未见好转且锡价高位下下游补库谨慎，成交有限。综合预计，锡价或维持区间震荡。（人民财讯）,301319.SZ,"元器件,化工原料,互联网",0
2025-10-20,南侨食品公告，公司2025年9月归属于母公司股东的净利润255.21万元，同比减少77.29%，主要变动原因为产品原材料成本上涨。本次数据为初步核算，未经会计师事务所审计或审阅，最终以定期报告为准。,605339.SH,"软件服务,食品",0
2025-10-20,剑桥科技公告，公司本次全球发售H股基础发行股数为6701.05万股（视乎超额配股权行使与否而定）。本次H股发行的价格最高不超过每股68.88港元。,603083.SH,通信设备,0
2025-10-20,永和股份公告，第三季度营收为13.4亿元，同比增长11.42%；净利润为1.98亿元，同比增长485.77%。前三季度营收为37.86亿元，同比增长12.04%；净利润为4.69亿元，同比增长220.39%。受第三代制冷剂配额影响，产品售价持续上涨，毛利率上升；主要聚合物产品的产销规模扩大、优等品率提升；加强精益管理、强化成本控制，提升盈利空间。,605020.SH,"批发业,化工原料,化纤",0
2025-10-20,龙磁科技公告，公司实际控制人熊咏鸽先生解除质押450万股，占其所持股份比例为37.84%，占公司总股本比例为3.89%。截至公告披露日，熊咏鸽先生持有公司股份1189.37万股，占公司总股本比例为10.27%，本次解除质押后，其质押股份数量为0。,300835.SZ,矿物制品,0
2025-10-20,善水科技公告，公司实际控制人、董事长兼总经理黄国荣先生因个人原因被采取刑事强制措施。公司已于2025年10月20日紧急召开第三届董事会第十七次会议，由董事吴新艳女士代为履行董事长及法定代表人职责，以及代为履行董事会相关委员会成员及总经理的职责。公司目前生产经营正常开展，管理层将进一步加强经营管理，并将持续关注上述事项的进展情况。,301190.SZ,染料涂料,0
2025-10-20,美团LongCat团队今日正式发布当前高度贴近真实生活场景、面向复杂问题的大模型智能体评测基准——VitaBench（Versatile Interactive Tasks Benchmark）。据介绍，VitaBench以外卖点餐、餐厅就餐、旅游出行三大高频真实生活场景为典型载体，构建了包含66个工具的交互式评测环境，并进行了跨场景的综合任务设计。（第一财经）,,"建筑工程,医药商业,机械基件",0
2025-10-20,赤峰黄金今日跌6.84%，成交额24.87亿元，换手率5.12%，盘后龙虎榜数据显示，沪股通专用席位买入2.36亿元并卖出9428.96万元，3家机构专用席位净买入1.79亿元，有3家机构专用席位净卖出4.28亿元。,600988.SH,"软件服务,黄金",0
2025-10-20,众鑫股份公告，加拿大边境服务署与加拿大国际贸易法庭于加拿大时间2025年10月15日对公司原产于或出口自中国的热成型模制纤维餐具涉嫌倾销和补贴的行为启动调查。此次调查涉及公司及其三家全资子公司，调查期间为2024年10月1日至2025年9月30日。公司在2024年10月1日至2025年6月30日期间对加拿大出口产品金额约为8265万元人民币，占同期营业收入的7.7%。公司已成立专项工作组并聘请专业律师团队应对调查，同时将密切关注案件进展并及时履行信息披露义务。,603091.SH,"软件服务,玻璃,家居用品,互联网,专用机械",0
2025-10-20,由央行主管的《金融时报》刊文称，中国人民银行研究局负责人表示，“十四五”期间，中国人民银行遵循“国内统一、国际接轨、清晰可执行”原则，推动绿色金融标准体系从框架搭建迈入深化细化新阶段，为金融支持绿色低碳发展筑牢制度基础。一是多领域标准体系逐步构建形成。目前，我国已发布1项全国标准、9项行业标准，30余项绿色金融标准正在研究。二是转型金融标准取得重要突破。为适应经济社会全面绿色转型需求，中国人民银行以市场化原则推动绿色金融与转型金融衔接，优先支持技术先进、碳减排效益显著的领域，推动出台转型金融标准。目前，中国人民银行牵头制定的钢铁、煤电、建材、农业四大行业转型金融标准，已在20多个省市开展试用。三是逐步建立生物多样性金融、蓝色金融标准体系。截至目前，20多个省市已启动试用生物多样性金融目录，切实有效推动经济社会“自然受益”转型。,,"软件服务,石油加工,全国地产,纺织机械,中成药,银行,环境保护,玻璃,广告包装,互联网,专用机械",2
2025-10-20,长虹华意公告，截至2025年10月17日，公司通过回购专用证券账户以集中竞价交易方式累计回购股份714.16万股，占公司目前总股本的1.03%，最高成交价为7.19元/股，最低成交价为7元/股，成交总金额为5073.17万元（不含交易费用）。公司计划使用自有资金及回购专项贷款以集中竞价交易方式回购公司部分人民币普通股A股股份，用于实施股权激励，回购资金总额不低于人民币1.5亿元且不超过人民币3亿元，回购价格不超过人民币9.5元/股。,000404.SZ,"电气设备,家用电器,互联网",0
2025-10-20,58同城发布2025年三季度人才流动数据显示，全国招聘需求环比增长3.4%，北京、上海、青岛等城市招聘需求环比涨幅超10%。招聘需求增长，就业市场有回暖迹象。从城市维度来看，全国企业招聘需求活跃度排名前五的城市分别为北京、成都、重庆、深圳、上海。环比来看，北京招聘需求环比增长11%，高于全国平均水平；上海、青岛、苏州、郑州招聘需求涨幅也超过10%，成为本季度招聘市场亮点。薪资水平方面，招聘活跃需求TOP15城市平均招聘薪资7744元/月，其中上海薪资最高，达9422元/月，北京以8881元/月紧随其后。青岛、天津、长沙等新一线城市平均薪资环比上涨。从求职者偏好上看，北京、广州、深圳等一线城市依旧备受求职者青睐，位列简历投递量前三名。其中广州、西安、天津简历投递量环比涨幅均超过10%，这些城市在高端制造业、科技创新等领域加大扶持力度，释放了更多优质岗位，对人才的吸引力也逐渐增强。（新京报网）,,"出版业,软件服务,食品,港口,银行,IT设备,铝,元器件,化工原料,环境保护,小金属,互联网,煤炭开采,半导体",2
2025-10-20,川投能源公告，第三季度营收为4.29亿元，下降11.30%；净利润为17.6亿元，下降16.96%。前三季度营收为11.4亿元，增长4.95%；净利润为42.21亿元，下降4.54%。,600674.SH,水力发电,0
2025-10-20,先锋电子公告，公司股票于2025年10月17日、2025年10月20日连续两个交易日收盘价格涨幅偏离值累计达到20%以上，属于股票交易异常波动。公司已对相关事项进行核查，未发现需要更正、补充的信息，近期公共传媒未报道可能对公司股票交易价格产生较大影响的未公开重大信息。公司生产经营情况正常，内外部环境未发生重大变化，控股股东和实际控制人不存在应披露而未披露的重大事项。控股股东、实际控制人在股票交易异常波动期间未买卖公司股票。,002767.SZ,"软件服务,其他建材,园区开发,电器仪表,半导体",0
2025-10-20,多氟多公告，控股股东李世江质押501万股，占其所持股份比例4.09%，占公司总股本比例0.42%；解质押893.75万股，占其所持股份比例7.30%，占公司总股本比例0.75%。截至公告披露日，李世江持有公司1.22亿股，占总股本10.29%，其中质押股份2745万股，占其所持股份比例22.41%，占公司总股本比例2.31%。,002407.SZ,化工原料,0
2025-10-20,物产环能公告，第三季度营收为85.57亿元，下降22.38%；净利润为1.5亿元，下降13.32%。前三季度营收为269.79亿元，下降12.84%；净利润为4.53亿元，下降15.10%。,603071.SH,批发业,0
2025-10-20,南部战区空军新闻发言人李健健大校表示，10月19日，澳大利亚1架P-8A军机未经中国政府批准，非法侵入中国西沙领空，中国人民解放军南部战区组织海空兵力，依法依规跟踪监视、有力反制、警告驱离。澳方行为严重侵犯中国主权，极易引发海空意外事件。我们正告澳方立即停止侵权挑衅。战区部队时刻保持高度戒备，坚决捍卫国家主权安全和地区和平稳定。（南部空军）,,"元器件,互联网,专用机械",0
2025-10-20,黑芝麻公告，公司股东李汉荣和李玉琦分别质押1050万和1000万公司股份，合计质押2050万股，占公司总股本的2.72%。此次质押旨在满足个人资金需求，质押起始日为2025年10月16日，质权人为黄某。截至公告披露日，李汉荣和李玉琦合计质押股份占其所持股份的比例分别为100%和100%。控股股东及其一致行动人质押股份数量占其所持公司股份数量比例为74.52%。,000716.SZ,"文教休闲,家用电器,食品",0
2025-10-20,绿通科技公告，本次注销的回购股份数量为117.01万股，占注销前公司总股本1.42亿股的0.82%。本次注销完成后，公司总股本由1.42亿股变更为1.41亿股。公司控股股东、实际控制人张志江及其一致行动人骆笑英合计持有公司股份比例由32.39%被动增加至32.66%。,301322.SZ,"摩托车,文教休闲,食品",1
2025-10-20,人民同泰公告，第三季度营收为26.97亿元，同比增长0.15%；净利润为3929.73万元，下降44.51%。前三季度营收为78.46亿元，同比增长2.19%；净利润为1.12亿元，下降45.69%。,600829.SH,"医药商业,互联网",0
2025-10-20,美诺华公告，全资子公司美诺华天康近日收到国家药监局核准签发的厄贝沙坦氢氯噻嗪片《药品注册证书》。该药品用于治疗原发性高血压，为血管紧张素-Ⅱ受体拮抗剂厄贝沙坦和噻嗪类利尿剂氢氯噻嗪组成的复方。美诺华天康已投入研发费用587.47万元。2024年厄贝沙坦氢氯噻嗪片全球销售额为8.17亿美元，中国销售额为1.84亿美元。,603538.SH,"化学制药,饲料,半导体,专用机械",2
2025-10-20,东百集团公告，公司副总裁袁炜因个人原因辞职，辞职报告已于2025年10月17日送达董事会并生效。袁炜先生将不再担任公司及子公司任何职务，但将继续履行相关承诺。同时，公司董事会已聘任何相国先生为新任副总裁，任期至第十一届董事会届满之日止。,600693.SH,百货,0
2025-10-20,工业和信息化部原材料工业司近日组织召开水泥行业稳增长工作座谈会。会议指出，要深刻认识水泥行业产能供需矛盾突出的问题，以促进产需动态平衡、产业转型升级为目标，以市场化、法治化为根本方向，坚持继承巩固、改革创新，立足当前、着眼长远，严禁新增产能、规范现有产能、淘汰落后产能。会议强调，骨干企业要发挥引领带动作用，严格落实水泥产能置换、规范水泥产能等政策，在2025年底前对超出项目备案的产能制定产能置换方案，促进实际产能与备案产能统一。行业协会要加强行业自律，开展区域市场供需平衡研究，组织水泥行业错峰生产，做好各地区平均成本调研，为经营者合理定价提供参考，防范低于成本价倾销等不正当竞争行为，营造有利于行业发展的良好生态。（工信部）,,"石油加工,软件服务,铝,通信设备",2
2025-10-20,大洋生物公告，第三季度营收为2.48亿元，同比增长5.72%；净利润为2953.1万元，同比增长48.92%。前三季度营收为7.47亿元，同比增长11.24%；净利润为8003.66万元，同比增长56.12%。,003017.SZ,"化工原料,中成药",0
2025-10-20,10月17日至10月23日，准东-皖南±1100千伏特高压直流输电工程的受端站——安徽宣城古泉换流站迎来年度停电检修。国网安徽电力的900余名电力检修人员对古泉换流站进行集中检修，总计开展检修任务4525项，为长三角地区今冬明春可靠用电提供保障。准东-皖南±1100千伏特高压直流输电工程起于新疆昌吉换流站，止于安徽古泉换流站，是目前世界上电压等级最高、输送距离最远、输送容量最大的输电工程。（新华社）,,"供气供热,铜,造纸,汽车配件,多元金融,互联网",0
2025-10-20,美光科技执行副总裁兼首席商务官Sumit Sadana预计，到2026年，DRAM市场仍将保持极度紧张，供需失衡将加剧。（科创板日报）,,其他建材,0
2025-10-20,通光线缆公告，公司可转债交易价格连续2个交易日（2025年10月17日、10月20日）内日收盘价格涨幅偏离值累计达到30%。截至2025年10月20日，“通光转债”价格为181.05元/张，“通光转债”按照当前转股价格转换后的价值为121.32元，可转债价格相对于转股价值溢价49.23%。公司目前的经营情况及内外部经营环境未发生重大变化，不存在导致可转债价格异常波动的重大信息或者重大风险事项。,300265.SZ,"电气设备,软件服务,影视音像",0
2025-10-20,九强生物公告，公司近日获得北京市药品监督管理局颁发的《医疗器械注册证》，产品为N末端脑利钠肽前体测定试剂盒。注册证编号为京械注准20252400875，注册类别为Ⅱ，有效期至2030年10月14日。该试剂盒用于体外定量测定人血清或血浆中N末端脑利钠肽前体的含量。此次注册证的取得丰富了公司的产品类别，有助于增强公司的核心竞争力，对未来发展具有正面影响，但近期对生产经营和业绩无重大影响。,300406.SZ,"电气设备,医疗保健,银行,中成药",0
2025-10-20,国航远洋公告，公司于近日收到北京证券交易所出具的《关于终止对福建国航远洋运输（集团）股份有限公司向特定对象发行股票审核的决定》，决定终止公司向特定对象发行股票的审核。公司于2025年9月25日召开第九届董事会第二次会议，审议通过了《关于终止向特定对象发行股票事项的议案》，同意公司终止向特定对象发行股票事项并撤回申请材料。,920571.BJ,"水泥,银行,水运",0
2025-10-20,兴发集团公告，2025年10月20日，公司董事、常务副总经理王杰通过上海证券交易所系统集中竞价增持A股20000股，增持金额52.61万元，占公司总股本0.0018%；副总经理刘畅同期通过集中竞价增持A股3000股，增持金额81330元，占公司总股本0.00027%。增持后，王杰持股16万股，占0.015%；刘畅持股12.95万股，占0.012%。两人承诺增持完成后六个月内不减持。,600141.SH,"农药化肥,半导体",0
2025-10-20,维力医疗公告，第三季度营收为4.46亿元，同比增长16.09%；净利润为7056.6万元，同比增长16.31%。前三季度营收为11.91亿元，同比增长12.33%；净利润为1.92亿元，同比增长14.94%。,603309.SH,医疗保健,0
2025-10-20,电工合金公告，第三季度营收为8.63亿元，同比增长43.08%；净利润为4510.43万元，同比增长78.44%。前三季度营收为22.93亿元，同比增长25.11%；净利润为1.27亿元，同比增长38.45%。,300697.SZ,"铜,小金属",0
2025-10-20,泰和科技公告，第三季度营收为7.27亿元，同比增长27.85%；净利润为3239.74万元，同比增长9.83%。前三季度营收为21.19亿元，同比增长27.73%；净利润为8876.56万元，同比增长5.99%。,300801.SZ,化工原料,0
2025-10-20,物产金轮公告，第三季度营收为6.58亿元，同比增长13.03%；净利润为3721.09万元，同比增长20.96%。前三季度营收为18.11亿元，同比下降7.30%；净利润为9766.48万元，同比下降13.85%。,002722.SZ,"批发业,钢加工",0
2025-10-20,在岸人民币兑美元10月20日16:30收盘报7.1231，较上一交易日上涨34点。,,"钢加工,互联网",0
2025-10-20,赛科希德公告，董事、副总经理裴燕彬持股14.04万股，占0.13%，曾计划于2025年7月18日至10月18日通过集中竞价和大宗交易方式减持不超过35000股，占0.0330%；截至2025年10月18日实际减持0股，减持计划时间届满终止。,688338.SH,医疗保健,0
2025-10-20,哈药股份公告，所属企业哈药集团三精明水药业有限公司收到国家药品监督管理局颁发的关于乳酸钙的《化学原料药上市申请批准通知书》。乳酸钙主要用于药品制剂中的钙补充剂，该原料药已符合国家相关药品审评技术标准。此前，公司对乳酸钙原料药研发项目已投入研发费用约657.89万元。此次获批是公司在原料药领域布局的重要进展，有助于实现原料药的自主可控，并丰富公司的产品结构。,600664.SH,"化学制药,纺织机械",0
2025-10-20,广州酒家公告，截至2025年10月17日，公司通过上海证券交易所交易系统以集中竞价交易方式累计回购股份631.84万股，占公司总股本的比例为1.11%，购买的最高价为人民币16.5元/股，最低价为人民币15.42元/股，已支付的总金额为人民币1亿元。预计回购金额为1亿元至1.43亿元，回购价格不超过人民币22.52元/股。此次回购股份将全部用于实施股权激励。,603043.SH,"食品,互联网,半导体",0
2025-10-20,福光股份公告，持股5%以上股东福建省国有资产管理有限公司原计划减持不超481.68万股即3.00%，最终于2025年7月21日至2025年7月28日通过集中竞价累计减持160.56万股，占公司总股本1.00%，成交价31.2～34.83元/股，成交额5140.43万元，计划期满未完成剩余321.12万股。,688010.SH,"元器件,水泥",0
2025-10-20,湖南白银今日跌停，成交额9.76亿元，换手率5.78%，盘后龙虎榜数据显示，深股通专用席位买入2633.17万元并卖出5040.41万元，有3家机构专用席位净卖出5570.68万元。,002716.SZ,"软件服务,农药化肥,铜,小金属",2
2025-10-20,创新医疗今日涨停，成交额19.54亿元，换手率20.08%，盘后龙虎榜数据显示，3家机构专用席位净买入1.16亿元。,002173.SZ,"软件服务,铝,医疗保健",0
2025-10-20,华恒生物公告，公司已于2025年9月30日向香港联交所递交了发行H股股票并在香港联交所主板挂牌上市的申请，并于同日在香港联交所网站刊登了本次发行上市的申请资料。公司根据相关规定已向中国证监会报送了本次发行上市的备案申请材料，并于近日获中国证监会接收。公司本次发行上市尚需取得相关监管机构的批准、核准或备案，该事项仍存在不确定性。,688639.SH,"化学制药,软件服务,中成药,专用机械",0
2025-10-20,四方达今日20cm涨停，成交额11.62亿元，换手率23.79%，盘后龙虎榜数据显示，3家机构专用席位净买入1.10亿元。,300179.SZ,"软件服务,矿物制品,电器仪表",0
2025-10-20,华电国际公告，截至2025年9月30日，公司及其子公司2025年前三季度累计完成发电量2013.29亿千瓦时，比追溯调整后的上年同期数据下降约5.87%；完成上网电量1892.43亿千瓦时，比追溯调整后的上年同期数据下降约5.94%。本集团的平均上网电价约为人民币509.55元/兆瓦时，比追溯调整后的上年同期数据下降约2.76%。,600027.SH,"软件服务,建筑工程,火力发电,玻璃,互联网",2
2025-10-20,利安隆公告，第三季度营收为15.14亿元，同比增长4.77%；净利润为1.51亿元，同比增长60.83%。前三季度营收为45.09亿元，同比增长5.72%；净利润为3.92亿元，同比增长24.92%。,300596.SZ,"化工原料,塑料",0
2025-10-20,双一科技公告，第三季度营收为2.05亿元，同比下降23.88%；净利润为4466.68万元，同比增长9.91%。前三季度营收为7.3亿元，同比增长15.41%；净利润为1.45亿元，同比增长125.25%。,300690.SZ,电气设备,0
2025-10-20,山河药辅公告，第三季度营收为2.26亿元，同比增长16.06%；净利润为3952.88万元，同比增长46.99%。前三季度营收为6.97亿元，同比增长8.09%；净利润为1.33亿元，同比增长8.28%。,300452.SZ,化学制药,0
2025-10-20,大商所公告，经中国证监会同意，自2025年10月28日晚夜盘交易时起，大连商品交易所将扩大合格境外机构投资者和人民币合格境外机构投资者（统称“合格境外投资者”）可交易品种范围，新增开放线型低密度聚乙烯、聚氯乙烯和聚丙烯月均价期货合约。,,"供气供热,互联网,百货,专用机械",0
2025-10-20,三联锻造公告，公司股票于2025年10月17日、2025年10月20日连续2个交易日收盘价格涨幅累计偏离22.78%，属于股票交易异常波动。经核查，公司前期披露的信息不存在需要更正、补充之处，近期未发现可能或已经对股票交易价格产生较大影响的未公开重大信息，公司经营情况及内外部经营环境未发生重大变化。此外，公司控股股东及实际控制人在股票异动期间不存在买卖公司股票的行为。,001282.SZ,"汽车配件,软件服务,建筑工程",0
2025-10-20,当地时间10月19日，伊朗伊斯兰革命卫队总司令穆罕默德·帕克普尔发表声明，重申伊朗方面愿与也门胡塞武装深化合作。帕克普尔当天致信胡塞武装新任总参谋长优素福·哈桑·马达尼，祝贺其履新。帕克普尔指出，伊朗伊斯兰革命卫队将继续支持抵抗阵线为解放耶路撒冷而奋斗。他同时声明，革命卫队已做好充分准备，在反抗全球霸权与以色列政权的斗争中，进一步强化与胡塞武装的合作。（央视新闻）,,其他,0
2025-10-20,10月20日，东阿阿胶与华为技术有限公司在深圳签署合作协议。根据协议，双方将基于各自领域的深厚积淀与优势，在人工智能、大数据技术应用、数字化转型及数字化运营、智慧园区、ICT基础设施合作，以及数智化人才培养等方面展开深度合作，共同探索传统中医药产业与前沿科技融合的创新发展路径。（人民财讯）,000423.SZ,"软件服务,化学制药,中成药,生物制药,机械基件,铝,小金属,互联网,农用机械",0
2025-10-20,西藏药业公告，华西药业持有公司5614.83万股，占总股本的17.42%，为公司第二大股东。此次解除质押134万股，占其所持股份的2.39%，占公司总股本的0.42%。解除质押后的剩余被质押股份数量为1876万股，占其所持股份的33.41%，占公司总股本的5.82%。此次解除质押股份暂无后续质押计划。,600211.SH,"证券,区域地产,生物制药",0
2025-10-20,日久光电公告，第三季度营收为1.99亿元，同比增长21.15%；净利润为3130.09万元，同比增长34.65%。前三季度营收为5.01亿元，同比增长12.90%；净利润为7690.97万元，同比增长36.54%。,003015.SZ,"元器件,专用机械",0
2025-10-20,大族数控公告，第三季度营收为15.21亿元，同比增长95.19%；净利润为2.28亿元，同比增长281.94%。前三季度营收为39.03亿元，同比增长66.53%；净利润为4.92亿元，同比增长142.19%。,301200.SZ,专用机械,0
2025-10-20,川金诺公告，第三季度营收为10.63亿元，同比增长27.01%；净利润为1.27亿元，同比增长189.43%。前三季度营收为28.07亿元，同比增长27.57%；净利润为3.04亿元，同比增长175.61%。,300505.SZ,农药化肥,0
2025-10-20,开勒股份公告，第三季度营收为1.02亿元，同比下降8.99%；净利润为1070.74万元，同比增长95.56%。前三季度营收为2.38亿元，同比下降14.32%；净利润为2162.67万元，同比增长159.14%。,301070.SZ,机械基件,0
2025-10-20,达实智能公告，公司近日收到石家庄市轨道交通集团有限责任公司及北京中昌工程咨询有限公司发出的《中标通知书》。公司将作为联合体牵头人，协同河北远东通信系统工程有限公司，为石家庄市城市轨道交通4号线一期工程综合监控系统采购项目提供服务，中标金额为9600万元。项目将基于自主研发的AIoT智能物联网管控平台，提供综合监控系统、综合管控平台、环境与设备监控系统、变电所综合自动化系统、电能质量监测系统及相关服务。项目金额占公司2024年度经审计营业收入的3.03%，预计合同正式签署并实施后将对公司未来年度的净利润产生积极影响。,002421.SZ,"出版业,软件服务,水务,银行,机械基件,电气设备",0
2025-10-20,"合金投资公告，第三季度营收为6571.18万元，同比增长21.61%；净利润为268.23万元，同比增长4,985.25%。前三季度营收为2.3亿元，同比增长54.61%；净利润为725.81万元，同比增长124.87%。",000633.SZ,小金属,0
2025-10-20,泽璟制药公告，公司自主研发的1类新药盐酸吉卡昔替尼片（曾用名：盐酸杰克替尼片）治疗活动性强直性脊柱炎的III期临床主试验达到主要疗效终点，具有统计显著性（p<0.0001）。治疗16周时达到国际脊柱关节炎评估协会（ASAS）40（ASAS 40）应答标准的受试者百分率，盐酸吉卡昔替尼片100mg Bid组显著优于安慰剂组。公司将加快推进该药物治疗强直性脊柱炎患者适应症的上市进程。,,"玻璃,纺织机械,生物制药",0
2025-10-20,源杰科技公告，公司近日收到A客户关于大功率激光器芯片产品的采购订单，订单总金额为6302.06万元人民币（含税）。该订单为公司日常经营性订单，若顺利实施，预计将对公司经营业绩产生积极影响。订单内容为销售一批大功率激光器芯片产品，履行地点为买方指定地点交付，订单生效条件为收到客户采购订单并确认生效，履行期限自订单生效之日起至采购订单义务履行完成。公司将根据订单相关规定以及收入确认原则在相应的会计期间确认收入。,688498.SH,"互联网,半导体",0
2025-10-20,广电运通公告，全资公司广电汇通（香港）有限公司（以下简称“汇通香港”）取得香港海关颁发的金钱服务经营者牌照（Money Service Operator Licence，以下简称“MSO牌照”。汇通香港是公司旗下跨境支付能力服务提供商，致力于为全球国际化企业提供专业的跨境支付结算、国际汇兑及汇款等金融服务。本次MSO牌照的落地标志着公司在跨境支付领域的业务布局取得关键性进展，正式具备合规的跨境资金结算与外汇兑换资质，进一步提升了公司全球化服务能力与金融科技综合实力，符合公司的整体战略规划与长期发展需要。未来，汇通香港将重点打造一站式全球支付结算解决方案，并加强与公司控股子公司中金支付有限公司的业务协同，构建“境内+境外”一体化资金通道，为企业客户提供安全、高效、透明的跨境金融科技服务。,002152.SZ,"证券,全国地产,汽车配件,IT设备,机械基件,电气设备,玻璃,互联网",0
2025-10-20,据港交所文件：禹王生物营养有限公司向港交所提交上市申请书。,,中成药,0
2025-10-20,嘉环科技公告，第三季度营收为8.55亿元，下降18.68%；净利润为1015.36万元，下降27.19%。前三季度营收为27.75亿元，下降10.57%；净利润为5534.57万元，下降26.53%。,603206.SH,通信设备,1
2025-10-20,港股收盘，恒生指数涨2.42%，恒生科技指数涨3%。港股科技ETF（159751）涨1.95%，恒生港股通ETF（159318）涨2.18%。板块方面，生命科学工具、客运航空公司板块涨幅靠前；建筑产品、个人护理用品板块跌幅靠前。个股方面，三花智控涨8.46%，中国国航涨5.27%，网易-S涨5.18%，中国石油股份涨5.05%，阿里巴巴-W涨4.86%，科伦博泰生物-B涨4.54%，中兴通讯涨4.43%，友邦保险涨4.42%，金沙中国有限公司涨4.37%，吉利汽车涨4.35%，创科实业涨4.3%；山东黄金跌5.75%，赤峰黄金跌6.18%；大众公用涨23.8%，中庆股份涨13.38%。,"000063.SZ,600547.SH,002050.SZ,600988.SH,601111.SH,601857.SH,600635.SH","空运,供气供热,软件服务,其他建材,黄金,家用电器,百货,水运,化学制药,通信设备,中成药,石油开采,玻璃,专用机械",0
2025-10-20,沪农商行公告，上海农村商业银行股份有限公司董事会近日收到董事李冠莹的辞呈。李冠莹因工作原因，辞去公司董事职务。李冠莹的离任不会导致公司董事会成员低于法定人数，不会影响公司董事会正常运作。公司将对李冠莹任职期间的贡献表示感谢。,601825.SH,"银行,半导体",0
2025-10-20,博盈特焊公告，公司本次注销的回购股份数量为188.61万股，占注销前公司总股本的1.43%，本次实际回购注销金额4169.39万元。本次注销完成后，公司总股本由1.32亿股变更为1.3亿股。,301468.SZ,专用机械,1
2025-10-20,铁科轨道公告，公司于近日分别收到雄安高速铁路有限公司、中国铁路济南局集团有限公司、中国铁路上海局集团有限公司发送的《中标通知书》，公司中标2025年铁路建设项目国铁集团管理的甲供物资第五批次（第一部分）招标，中标金额合计为6.54亿元人民币（含税）。此次中标项目包括新建潍坊至宿迁高速铁路潍坊至日照段工程、新建潍坊至宿迁高速铁路临沂段工程、新建潍坊至宿迁高速铁路江苏段工程。公司本次中标金额占公司2024年度经审计营业收入的41.08%，对公司2025年度经营业绩的影响暂无法确定。,688569.SH,"运输设备,建筑工程,港口,银行,医药商业,化工原料,专用机械,互联网,半导体",0
2025-10-20,宣泰医药公告，近日公司收到美国食品药品监督管理局的通知，公司向美国 FDA 申报的西格列汀二甲双胍缓释片的简略新药申请 (ANDA) 获得暂时批准。该药品由 MERCK SHARPDHOEME 公司开发，于 2012年 2月在美国获批上市，适用于改善成人 2型糖尿病患者的血糖控制。西格列汀二甲双胍缓释片已在国内实现商业化销售。,688247.SH,"化学制药,电器仪表",0
2025-10-20,中国化学公告，截至2025年1—9月，公司累计签订合同3566项，合同金额2845.61亿元。其中建筑工程承包2195项，合同金额2735.64亿元；勘察设计监理咨询1371项，25.95亿元；实业及新材料销售78.51亿元，现代服务业4.89亿元，其他0.62亿元。境内合同金额2309.09亿元，境外536.52亿元。9月新签5亿元以上重大合同6项，单笔最高约27.39亿元。,601117.SH,"路桥,建筑工程,环境保护,专用机械",0
2025-10-20,银龙股份公告，预计2025年前三季度实现归属于母公司所有者的净利润为2.61亿元至2.95亿元，与上年同期相比，将增加9276.52万元至1.26亿元，同比增长55%至75%。预计2025年前三季度实现归属于母公司所有者的扣除非经常性损益的净利润2.59亿元至2.93亿元，与上年同期相比，将增加9192.89万元至1.25亿元，同比增长55%至75%。2025年前三季度，公司充分发挥在预应力材料及轨道交通用混凝土制品两大核心主业的领先优势，业绩表现强劲。同时，在新能源材料和专业技术领域实现关键性战略突破，为公司发展注入新动能。,603969.SH,"电气设备,其他建材,银行,汽车配件",2
2025-10-20,奥来德公告，预计2025年前三季度实现归属于母公司所有者的净利润为2900万元至3400万元，与上年同期相比，将减少6725.11万元至7225.11万元，同比减少66.42%至71.36%。公司预计2025年前三季度实现营业收入3.7亿元至4亿元，同比减少13.75%至20.22%。其中，材料业务预计实现营业收入3.1亿元至3.3亿元，同比增长2.68%至9.31%；设备业务预计实现营业收入6000万元至7000万元，同比减少56.66%至62.85%。预计2025年前三季度归属于母公司所有者的扣除非经常性损益的净利润亏损560万元至670万元，与上年同期相比，减少7174.39万元至7284.39万元，同比减少108.47%至110.13%。,688378.SH,专用机械,0
2025-10-20,纳睿雷达公告，预计2025年前三季度实现归属于母公司所有者的净利润7315万元左右，与上年同期相比，将增加4714万元左右，同比增加181%左右。报告期内，公司凭借产品技术、品牌等优势，获得不同领域客户认可，公司新签水利测雨雷达合同金额大幅增长；存量订单加速确认落地，促使营业收入大幅增长，继续保持业绩快速增长，盈利能力显著提升。,688522.SH,通信设备,0
2025-10-20,美股科技“七姐妹”盘前普涨，特斯拉涨1%，亚马逊、英伟达涨0.7%，Meta、苹果涨0.5%，谷歌A涨0.3%，微软涨0.2%。,,其他,0
2025-10-20,清新环境公告，公司董事会于2025年10月20日收到董事张爱民的书面辞职报告。张爱民因工作变动原因辞职，不再担任公司任何职务。其辞职不会导致董事会成员人数低于法定最低人数，辞职报告自送达董事会之日起生效。公司将尽快完成董事补选工作。张爱民未持有公司股份，不存在未履行承诺事项。公司对张爱民的贡献表示感谢。,002573.SZ,环境保护,0
2025-10-20,美股中概股盘前涨跌互现，万国数据涨1%，富途控股涨0.9%，百度涨0.4%，阿里巴巴涨0.1%，京东跌0.4%，小鹏汽车、蔚来跌0.5%，理想汽车跌0.7%。,,"软件服务,元器件",0
2025-10-20,台积电美股盘前涨超2%，现报302.34美元。,,其他,0
2025-10-20,高澜股份10月20日在互动平台表示，公司目前暂未涉及固态电池领域，公司将密切关注新领域的研究进展动态，持续探索公司产品的应用。（人民财讯）,300499.SZ,"互联网,专用机械",0
2025-10-20,港股燃气板块尾盘持续走强，中国港能涨超50%，大众公用涨超20%，协鑫新能源、华润燃气、新奥能源跟涨。,600635.SH,"电气设备,供气供热,半导体,专用机械",0
2025-10-20,杭州高新公告，淄博市博山区人民法院于2025年10月16日至2025年10月17日公开拍卖的583.37万股股份因到期撤牌已流拍。截至公告披露日，万人中盈持有公司股份583.37万股，占公司总股本的4.61%。本次拍卖不会导致公司实际控制权变更，也不会对公司生产、经营造成重大不利影响。,300478.SZ,"电气设备,软件服务,互联网,塑料",0
2025-10-20,依依股份公告，公司正在筹划发行股份及支付现金购买资产并募集配套资金事项。公司股票自2025年10月14日开市时起停牌，预计在不超过10个交易日的时间内披露本次交易方案。公司将积极推进各项工作，并及时履行信息披露义务。,001206.SZ,"软件服务,造纸",0
2025-10-20,"针对网传“10月20日涨价”一事，周大福回应称，将在10月底上调定价黄金产品。

周大福方面称，此次涨价主要系“金价持续上涨对成本的影响”，集团计划在10月底提高定价黄金产品的零售价格，大多数产品的提价幅度预计在12%-18%。周大福方面强调，公司“设有机制密切监测金价波动，并适时作出价格调整，以应对市场变化。”

10月20日，记者在周大福天猫旗舰店查询发现，多款主力“一口价”产品虽尚未更新价格，但已出现“下架”或“售罄”状态。多家线下柜台也确认涨价即将执行，但目前“新价签未到店”。一位周大福专柜工作人员透露，目前店内定价产品没有任何折扣活动，热门款如“五帝钱足金手链”等均已无货，“近期不少顾客赶在涨价前购买”。（贝壳财经）",,服饰,0
2025-10-20,西点药业公告，公司于近日取得中华人民共和国国家知识产权局颁发的发明专利证书。专利名称为“一种瑞香素的合成方法”，专利证书号为第8338136号，专利类型为发明专利，专利申请日为2025年07月28日，授权公告日为2025年10月10日，专利权人为吉林省西点药业科技发展股份有限公司，专利期限为20年。,301130.SZ,"化学制药,区域地产,医药商业,互联网,化纤",0
2025-10-20,奥赛康公告，子公司ASKGENELIMITED在2025年欧洲肿瘤内科学会（ESMO）年会上公布了在研生物创新药ASKB589（靶向CLDN18.2单克隆抗体）联合CAPOX及PD-1抑制剂在晚期胃癌一线治疗中的最新研究成果。ASKB589三联疗法在62例CLDN18.2阳性的一线G/GEJ腺癌受试者中表现出深度且持久的肿瘤缓解和疾病控制。在剂量扩展研究中，CLDN18.2中高表达的IV期G/GEJ腺癌受试者确认的肿瘤客观缓解率为76.1%，中位肿瘤缓解时长为13.9个月，疾病控制率为100%。CLDN18.2高表达的IV期G/GEJ腺癌受试者，cORR为81.8%，mPFS和mOS分别为15.01个月和22.34个月。,002755.SZ,"化学制药,建筑工程,水务,中成药,铝",0
2025-10-20,英特集团公告，子公司英特药业参与竞拍华通医药100%股权，交易价格为3.69亿元。近日，公司收到国家市场监督管理总局出具的《经营者集中反垄断审查不予禁止决定书》，决定对浙江英特药业有限责任公司收购浙江华通医药集团有限公司股权案不予禁止。这意味着交易双方可以即日起实施集中，后续将办理相关工商变更等手续。公司将根据交易后续进展情况及时履行信息披露义务。,000411.SZ,"软件服务,银行,机床制造,医药商业,机械基件,电气设备",0
2025-10-20,吉林敖东公告，控股子公司延吉药业收到国家药品监督管理局下发的“盐酸纳洛酮注射液”的《药品补充申请批准通知书》。药品通用名称为盐酸纳洛酮注射液，规格为1ml：0.4mg，原药品批准文号为国药准字 H20066188。此次通过仿制药质量和疗效一致性评价，有利于扩大该药品的市场份额，提升市场竞争力。预计短期内不会对公司业绩产生重大影响。,000623.SZ,"中成药,汽车配件,医药商业,食品,化纤",0
2025-10-20,10月20日，外交部发言人郭嘉昆主持例行记者会。澳大利亚国防部10月20日发表声明称，19日，澳大利亚皇家空军一架海上巡逻机在南海空域执行演练任务时，中方军机在澳巡逻机近距离范围内释放了干扰弹。有外媒记者就此提问。对此，郭嘉昆表示：“我不了解你提到的有关情况。”（澎湃新闻）,,"机床制造,元器件",0
2025-10-20,10月20日，李宁品牌正式入驻美团闪购平台，近千家门店同步上线，覆盖全国近百个城市。消费者已可在美团闪购一站式选购李宁及李宁YOUNG系列产品，包括跑步、篮球、综训、羽毛球、乒乓球、户外、网球、匹克球等运动服饰和器材。今年以来，已有滔搏、胜道、蕉下、安踏、361°、中乔体育等运动品牌入驻美团闪购。（界面新闻）,,出版业,0
2025-10-20,越南股市持续跳水，日内VN指数跌幅扩大至5%。,,其他,0
2025-10-20,今年前三季度，全国铁路发送旅客35.4亿人次，同比增长6%，再创历史同期新高，全国铁路运输安全平稳有序。今年以来，国铁集团坚持以人民为中心的发展思想，持续深化运输供给侧结构性改革，不断加强旅客运输组织，丰富客运产品供给，优化站车服务品质，推出一系列便民利民惠民举措，较好地保障了旅客平安便捷温馨出行，助力经济持续回升向好，为“流动中国”注入新活力。（中国铁路）,,"农药化肥,矿物制品,互联网,专用机械",0
2025-10-20,10月20日，外交部发言人郭嘉昆主持例行记者会。有记者提问，据媒体报道，印尼政府正就雅万高铁项目债务重组问题同中方谈判。个别自媒体称“雅万高铁因资金短缺运营困难”。中方对此有何评论？当前雅万高铁运营情况如何？郭嘉昆介绍，雅万高铁已经正式开通运营两年。两年来，雅万高铁保持安全畅通，有序运行，累计发送旅客超过1171万人次，客流量仍在持续稳定增长，经济社会效益不断释放，为当地创造大量的就业岗位，有力促进沿线经济发展，受到印尼各界的肯定和欢迎。“两国政府高度重视项目发展，双方主管部门和企业保持紧密协作，为高铁安全稳定运营提供了坚实保障。”郭嘉昆强调，在评价高铁项目时，除了看财务数据、经济指标，还要看公共效益、综合收益。中方愿同印尼一道继续做好雅万高铁高质量运营，进一步发挥项目对印尼经济社会发展和地区互联互通的带动作用。（澎湃新闻）,,"软件服务,运输设备",0
2025-10-20,乌克兰总统泽连斯基表示，乌克兰正在准备一份采购25套“爱国者”防空系统的合同。据悉，泽连斯基是在当地时间10月19日的一次会议上对媒体说的，相关内容今天（10月20日）获准发布。他表示，这些防空系统将在未来数年内每年交付一批，同时乌克兰将争取让一些欧洲国家在“爱国者”系统的供应排队顺序中给予乌克兰优先权。（人民财讯）,,"电气设备,软件服务,互联网",0
2025-10-20,在20日的外交部例行记者会上，有媒体提问称，中美双方即将重返谈判桌，据最新报道，美国总统特朗普对此的最新表态是美方将稀土、芬太尼和大豆列为美国对中国提出的三大议题，请问外交部对此有何评论？对此，中国外交部发言人郭嘉昆表示，中方在处理中美经贸问题上的立场是一贯的、明确的，关税战、贸易战不符合任何一方的利益，双方应在平等、尊重、互惠的基础上协商解决有关问题。（环球网）,,"广告包装,专用机械",0
2025-10-20,美国总统特朗普17日与乌克兰总统泽连斯基进行了气氛紧张的会晤。特朗普敦促乌克兰将大片领土割让给俄罗斯，这让乌克兰代表团感到失望。两位要求不透露姓名的知情人士还说，特朗普拒绝向乌克兰提供“战斧”导弹，并考虑向基辅和莫斯科双方提供安全保证，这一说法令乌克兰代表团感到困惑。在与泽连斯基会面后，特朗普公开呼吁交战双方在前线位置停火，泽连斯基在随后回答记者提问时接受了这一立场。第三位知情人士透露，在泽连斯基表示不会自愿割让任何领土后，特朗普提出了上述停火提议。（参考消息）,,其他,0
2025-10-20,10月16日，中国航空器材有限责任公司与海口市政府签署合作协议。根据协议，双方将在飞机拆解、飞机租赁、航空部附件制造与维修等领域开展合作。(界面),,"水运,专用机械",0
2025-10-20,天眼查App显示，近日，智马达汽车有限公司发生工商变更，注册资本由57.5亿人民币增至约69.9亿人民币，增幅约21%。该公司成立于2019年12月，法定代表人为佟湘北，经营范围包括新能源汽车整车销售、二手车经销、汽车零配件零售等，由SMARTMOBILITYPTE.LTD.等共同持股。（南方财经）,,"化学制药,银行,工程机械,电气设备,互联网",0
2025-10-20,日本知名线上零售企业“爱速客乐”19日确认，由于遭到勒索软件攻击，公司网络出现故障，暂停接受订单和发货。另一家知名品牌受到波及，暂停线上商店销售。爱速客乐说，公司19日检测到系统受恶意软件病毒感染，目前正在评估损失程度，检查是否存在私人信息和客户数据泄露的情况。现阶段，该公司暂停面向企业和个人客户的服务，取消先前接受的订单。受此事影响，家居用品零售品牌“无印良品”的母公司良品计画公司19日晚暂停其线上商店服务。该公司部分配送业务由爱速客乐的子公司负责。勒索软件是一种侵入计算机系统并加密关键信息和数据的恶意软件，黑客以此勒索赎金。据日本共同社20日报道，日本近期有多家企业遭遇勒索软件攻击。其中，日本知名酿造企业朝日集团9月底因遭受这类攻击引发网络故障，导致其在日本的多家工厂停产，新品发售推迟。（央视新闻）,,"电信运营,化学制药,软件服务,食品",0
2025-10-20,欧股开盘普涨，德国DAX指数涨0.86%，意大利富时MIB指数涨0.94%，欧洲斯托克50指数涨0.64%。,,其他,0
2025-10-20,ETF收盘涨跌不一，日经ETF（513520）领涨6.57%，通信设备ETF（159583）涨5.63%，日经ETF（159866）涨4.62%，黄金股票ETF（517400）领跌4.71%，黄金股ETF基金（159315）跌4.52%，黄金股ETF（159562）跌4.45%。,,其他,0
2025-10-20,A股三大指数今日集体上涨，截至收盘，上证指数涨0.63%，深证成指涨0.98%，创业板指涨1.98%，北证50跌0.25%。沪深京三市全天成交额17513亿元，较上日缩量2031亿元。全市场超4000只个股上涨。板块题材上，培育钻石、煤炭开采加工、燃气、电机、脑机接口、CPO等算力硬件板块涨幅居前；黄金概念、猪肉、稀土永磁、能源金属板块跌幅居前。盘面上，煤炭开采加工板块高开高走，大有能源、云煤能源、宝泰隆等多股涨停。培育钻石板块午后集体爆发，惠丰钻石盘中30cm涨停，四方达20cm涨停，黄河旋风封板。燃气板块同样强势上扬，国新能源5天4板，大众公用、百川能源、长春燃气涨幅居前。另一方面，黄金、有色金属板块多数调整，白银有色、湖南白银双双跌停，西部黄金、晓程科技、莱绅通灵跌幅居前。,"601011.SH,600333.SH,600172.SH,920725.BJ,600681.SH,601069.SH,600617.SH,300139.SZ,603900.SH,601212.SH,600403.SH,002716.SZ,600635.SH,300179.SZ,600792.SH","供气供热,焦炭加工,黄金,铜,农药化肥,矿物制品,电器仪表,汽车配件,新型电力,小金属,环境保护,电气设备,服饰,煤炭开采",0
2025-10-20,截至收盘，ETF两市成交额报5653.47亿元，分类型来看，股票型ETF成交额1249亿元，债券型ETF成交额2769.20亿元，货币型ETF成交额512.00亿元，商品型ETF成交额237.76亿元，QDII型ETF成交额549.32亿元。其中，成交额最高的非货币型ETF分别是易方达中证香港证券投资主题ETF（513090）、恒生科技（513130）、华夏恒生科技ETF(qdii)（513180），成交额分别为136.56亿元、64.87亿元、60.67亿元。,,"软件服务,园区开发",2
2025-10-20,韩国媒体20日援引政府数据报道，在柬埔寨涉嫌参与电信网络诈骗的韩国人数量可能远超政府此前估计的1000余人。依据韩国执政党共同民主党议员朴赞大的办公室20日从法务部获取的一份资料，2021年以来，韩国赴柬埔寨出境人数与自柬返韩入境人数之间差距显著扩大。2021年，赴柬人数比返韩人数多113人，这一差值2022年激增至3209人，2023年为2662人，2024年达到3248人。这或许意味着连续三年每年有两三千名韩国人赴柬后留在当地。今年截至8月，近900名赴柬人员未回国。（央视新闻）,,"化学制药,软件服务",0
2025-10-20,据同花顺iFinD数据，沪深京三市成交额超1.7万亿元，较上日此时缩量1930亿元，预计全天成交金额约1.7万亿元。截至目前，沪市成交额7515亿元，深市成交额9353亿元，北证50成交额132亿元。,300033.SZ,"汽车配件,软件服务",0
2025-10-20,截至目前，ETF两市成交额报5500.81亿元，分类型来看，股票型ETF成交额1197亿元，债券型ETF成交额2747.65亿元，货币型ETF成交额476.12亿元，商品型ETF成交额229.43亿元，QDII型ETF成交额528.22亿元。其中，成交额最高的非货币型ETF分别是易方达中证香港证券投资主题ETF（513090）、恒生科技（513130）、华夏恒生科技ETF(qdii)（513180），成交额分别为131.58亿元、62.69亿元、58.34亿元。,,"软件服务,园区开发",0
2025-10-20,美团副总裁毛一年今日透露，美团无人车在深圳实现规模化部署，截至目前已达成500万单，自动驾驶里程超过1500万公里，自动驾驶里程的占比超过99%，最高时速超过70公里。（科创板日报）,,"其他建材,小金属",0
2025-10-20,近日，中国对外贸易中心官网“中心领导”栏目更新显示，朱咏已任中国对外贸易中心党委书记、主任，中国对外贸易中心集团有限公司董事长、总裁。此前，朱咏担任商务部电子商务和信息化司司长。（澎湃新闻）,,"园区开发,软件服务,专用机械",0
2025-10-20,天眼查APP显示，近日，合肥市创业投资引导基金二期有限公司成立，法定代表人为席彩昵，注册资本为20亿元，经营范围包含：以私募基金从事股权投资、投资管理、资产管理等活动。天眼查股权穿透显示，该公司由合肥市产业投资控股（集团）有限公司全资持股。,,"家用电器,环境保护",0
2025-10-20,据韩联社报道，韩国警方20日通报，已对近期从柬埔寨遣返回国的59名涉嫌参与网络诈骗的嫌疑人申请逮捕令。韩国警察厅表示，从柬埔寨遣返的64名网络诈骗嫌疑人中，警方对59人申请逮捕令，另有4人被释放，1人已被逮捕。（新华社）,,互联网,0
2025-10-20,港股航空客运板块持续走高，中国东方航空股份涨超9%，中国南方航空股份涨超6%，中国国航涨超5%，国泰航空跟涨。据报道，“2025北外滩国际航运论坛”开幕式上，集中发布了五大类30项合作成果，包括国际绿色航运走廊合作倡议，以及一批政府部门间合作文件、绿色航运走廊建设成果、国际航运枢纽建设成果、高端航运服务业创新成果、国际航运合作发展成果等。,"601111.SH,600029.SH","空运,水运,银行,铝,化工原料,工程机械,环境保护,玻璃,专用机械",0
2025-10-20,日经225指数收涨3.37%，创历史新高，报49185.5点。韩国综指收涨1.75%，报3814.68点。,,其他,0
2025-10-20,据农业农村部监测，10月20日“农产品批发价格200指数”为120.13，比上周五上升0.37个点，“菜篮子”产品批发价格指数为121.28，比上周五上升0.44个点。截至今日14:00时，全国农产品批发市场猪肉平均价格为17.72元/公斤，比上周五下降1.7%；牛肉66.14元/公斤，比上周五下降0.3%；羊肉61.76元/公斤，与上周五持平；鸡蛋7.48元/公斤，比上周五下降0.5%；白条鸡17.57元/公斤，比上周五下降0.7%。重点监测的28种蔬菜平均价格为5.09元/公斤，比上周五上升0.4%；重点监测的6种水果平均价格为7.00元/公斤，比上周五下降1.7%。鲫鱼19.71元/公斤，比上周五上升1.0%；鲤鱼13.91元/公斤，比上周五下降0.2%；白鲢鱼10.15元/公斤，比上周五上升1.6%；大带鱼40.22元/公斤，比上周五下降2.4%。,000061.SZ,"银行,农业综合",0
2025-10-20,以“开放创新合作，共促航运服务业高质量发展”为主题的北外滩国际航运论坛金融与保险论坛10月20日在沪举行。大连海事大学校长单红军表示，为破解金融赋能航运业高质量发展政策缺位，建议设立国家级航运产业投资基金，采用母子基金架构，撬动社会资本，投向绿色、智能等关键领域。同时，建议设立专项财政资金，对绿色船舶等提供贷款贴息、退税等精准激励。（人民财讯）,,"供气供热,全国地产,铝,机械基件,环境保护,玻璃,互联网",0
2025-10-20,企查查APP显示，近日，上海稷拓科技有限公司成立，经营范围包含：电子专用材料研发；集成电路设计；集成电路销售；软件开发等。企查查股权穿透显示，该公司由拓荆科技等共同持股。,688072.SH,"园区开发,化学制药,建筑工程,通信设备,电器仪表,半导体",0
2025-10-20,截至目前，ETF两市成交额报5003.58亿元，分类型来看，股票型ETF成交额1068亿元，债券型ETF成交额2563.23亿元，货币型ETF成交额419.90亿元，商品型ETF成交额199.50亿元，QDII型ETF成交额467.79亿元。其中，成交额最高的非货币型ETF分别是易方达中证香港证券投资主题ETF（513090）、恒生科技（513130）、华夏恒生科技ETF(qdii)（513180），成交额分别为118.06亿元、58.72亿元、54.34亿元。,,"软件服务,园区开发",0
2025-10-20,10月20日，天猫Apple Store官方旗舰店正式官宣，将参与2025年天猫双11大促。其中，iPhone 17 Pro系列直降300元，券后价8699元起。 iPhone 17 Pro Max券后9699元起，均支持最高12期免息，iPhone 17 Pro预计15天内发货， iPhone 17 Pro Max预计22天内发货。值得注意的是，iPhone 17标准版不参与降价。据悉，天猫Apple Store官方旗舰店双11活动将于今晚20:00开启。,,"纺织机械,互联网",0
2025-10-20,据同花顺iFinD数据，沪深京三市成交额超1.5万亿元，较上日此时缩量877亿元，预计全天成交金额约1.8万亿元。截至目前，沪市成交额6619亿元，深市成交额8270亿元，北证50成交额112亿元。,300033.SZ,"汽车配件,软件服务",0
2025-10-20,章源钨业公布2025年10月下半月长单采购报价：55%黑钨精矿：27.3万元/标吨，较10月上半月上调0.6万元/标吨；55%白钨精矿：27.2万元/标吨，较10月上半月上调0.6万元/标吨；仲钨酸铵(国标零级)：40万元/吨，较10月上半月上调1万元/标吨。以上单价含13%增值税。,002378.SZ,小金属,1
2025-10-20,科创50指数震荡下挫转跌，此前涨超2%。,,其他建材,0
2025-10-20,据德国《明镜》周刊今天（10月20日）报道，根据为德国联邦议院预算委员会准备的一份机密文件，德国国防部长皮斯托里乌斯计划向美国军工企业洛克希德·马丁公司增购15架F-35战斗机。报道称，这笔追加采购被列入军事项目清单，据估计购买这批新战机将需要约25亿欧元（约合208亿元人民币）。（CCTV国际时讯）,,"玻璃,软件服务,互联网",0
2025-10-20,10月20日，对于澄星股份梅园大街618号疑似发生火灾一事，财闻第一时间进行核实，澄星股份上市公司联系电话以及江阴市应急管理局电话均无人接听，随后财闻联系到江阴市消防大队处，接线人员表示想了解具体情况建议到消防大队当面了解。随后通过附近酒店了解到，附近化工厂确实有发生火灾，目前已灭火，但是建议住客不要开窗，空气中有刺鼻气味。（财闻）,600078.SH,"化工原料,医药商业,银行",2
2025-10-20,10月20日，国家能源局发布9月全国电动汽车充电设施数据。根据国家充电设施监测服务平台数据，截至2025年9月底，我国电动汽车充电基础设施（枪）总数达到1806.3万个，同比增长54.5%。其中，公共充电设施（枪）447.6万个，同比增长40%，公共充电桩额定总功率达到1.99亿千瓦，平均功率约为44.36千瓦；私人充电设施（枪）1358.7万个，同比增长60%，私人充电设施报装用电容量达到1.20亿千伏安。,,"火力发电,软件服务",0
2025-10-20,除了加沙地带，巴勒斯坦约旦河西岸也时常遭到以色列的侵占和袭击。当地时间10月19日，多名以色列定居者在以军的保护下，对正在采摘橄榄的巴勒斯坦农民发起袭击。目前正值约旦河西岸的橄榄秋收季，近日已发生多起以色列定居者暴力阻止巴勒斯坦农民秋收的事件。（CCTV国际时讯）,,玻璃,0
2025-10-20,10月15日，天娱数科参股公司合肥芯明智能科技有限公司（简称“芯明”）与四川大学华西医院（简称“华西医院”）举行战略合作协议签约仪式。按照协议规定，芯明与华西医院将围绕医疗物资配送智能化项目（包括低空配送网络、无人小车配送、智能仓储管理系统）、医疗规培数字化平台、空间智能终端应用、医疗智能体应用等领域展开合作，携手构建更加智能化、智慧化的医疗运营体系。(人民财讯),002354.SZ,"证券,软件服务,家用电器,路桥,机械基件,互联网,农用机械",0
2025-10-20,巴斯夫今日官微消息，近日，巴斯夫与明新旭腾正式签署合作谅解备忘录。根据该备忘录，巴斯夫将作为明新旭腾的核心合作伙伴，助力企业在机器人这一全新赛道的深化布局。此举也是巴斯夫继与傅利叶签订合作备忘录以来再一次机器人产业的深耕，凭借创新材料组合（包括聚氨酯、热塑性聚氨酯和工程塑料），巴斯夫将与明新旭腾以优化机器人本体部分材料性能为核心目标共创合作。据悉，巴斯夫特性材料的组合，可为机器人肌肤、灵巧手、骨骼、脚部、皮下填充泡沫等部分的创新设计赋予可能性，无论是柔软的皮肤质感，有弹性的步伐，灵活的关节，还是柔性的传感等。,"300024.SZ,605068.SH","文教休闲,建筑工程,种植业,汽车配件,铝,其他商业,专用机械",0
2025-10-20,银行板块多股低开高走，西安银行涨超3%，农业银行、江阴银行、上海银行、民生银行等股上扬。,"601288.SH,601229.SH,002807.SZ,600928.SH,600016.SH","银行,半导体",0
2025-10-20,截至目前，ETF两市成交额报4520.49亿元，分类型来看，股票型ETF成交额955.7亿元，债券型ETF成交额2345.47亿元，货币型ETF成交额374.42亿元，商品型ETF成交额164.39亿元，QDII型ETF成交额425.07亿元。其中，成交额最高的非货币型ETF分别是易方达中证香港证券投资主题ETF（513090）、恒生科技（513130）、华夏恒生科技ETF(qdii)（513180），成交额分别为107.49亿元、54.37亿元、50.35亿元。,,"软件服务,园区开发",0
2025-10-20,10月19日，国家粮食和物资储备局召开部分省份粮食收购和产销衔接推进会议，调度了解黄淮海地区秋粮收购进展情况，分析研判市场购销形势，进一步安排部署下阶段秋粮收购和产销衔接工作。会议强调，要立足新情况，突出针对性，强化协同联动，狠抓政策措施落实，牢牢守住农民“种粮卖得出”的底线，推动粮食价格保持在合理水平。一要支持市场化主体加大收购力度，综合施策、提升服务、优化环境，引导多元主体积极入市，切实增强市场购销活力。二要充分发挥政策性收储托底作用，规范执行储备收储轮换、最低收购价收购相关政策，切实保障农民收益。妥善做好不达标粮食收购处置，坚决防止不符合食品安全标准的粮食流入口粮市场和食品生产企业。三要强化粮食质量安全风险监测和产后服务，加强科学储粮技术指导，减少粮食产后损失。四要聚焦重点地区，搞好产销衔接、农企对接，着力解决秋粮销售问题，保障农民售粮渠道畅通，确保粮食市场稳定。,,"纺织机械,半导体",0
2025-10-20,企查查APP显示，近日，南京络芯达电子科技有限公司成立，注册资本1000万元，经营范围包含：互联网信息服务；第二类增值电信业务；电子元器件批发等。企查查股权穿透显示，该公司由商络电子全资持股。,300975.SZ,"证券,软件服务,元器件,园区开发",0
2025-10-20,近日，北京市不断增加睡眠障碍诊疗服务供给。据北京市卫生健康委消息，已有超百家医疗机构开设睡眠门诊。已公布的睡眠门诊均由所在医院精神科设置或由精神科医师提供服务，覆盖北京16个区和经济技术开发区在内的各级医疗机构，具体门诊时间以各医疗机构实际发布为准。（新浪财经）,,"化学制药,银行,电器仪表",0
2025-10-20,郑商所玻璃主力合约跌超2%，现报1095元/吨。,,半导体,0
2025-10-20,三星正在加紧推进HBM4的研发，其计划于10月27日至31日在2025年三星科技展上发布第六代12层HBM4，并计划于今年晚些时候量产。(科创板日报),,"其他建材,家用电器",0
2025-10-20,培育钻石、超硬材料板块再度拉升，恒盛能源涨停创新高，四方达、惠丰钻石涨超10%，力量钻石、黄河旋风、沃尔德跟涨。10月9日，商务部会同海关总署发布公告，决定对超硬材料相关物项实施出口管制，涵盖人造金刚石微粉、单晶、线锯等六大类。这项将于11月8日正式实施的政策，迅速在资本市场掀起波澜。出口管制不仅为国内超硬材料产业筑起供给保护屏障，也进一步强化了市场对板块稀缺性与业绩确定性的预期。,"600172.SH,605580.SH,688028.SH,301071.SZ,920725.BJ,300179.SZ","供气供热,矿物制品,电器仪表,铝,机械基件",0
2025-10-20,截至目前，ETF两市成交额超4000亿元，报4013.67亿元，分类型来看，股票型ETF成交额898.8亿元，债券型ETF成交额1969.51亿元，货币型ETF成交额344.59亿元，商品型ETF成交额149.90亿元，QDII型ETF成交额404.11亿元。其中，成交额最高的非货币型ETF分别是易方达中证香港证券投资主题ETF（513090）、恒生科技（513130）、华夏恒生科技ETF(qdii)（513180），成交额分别为102.07亿元、52.50亿元、48.40亿元。,,"软件服务,园区开发",0
2025-10-20,国家林草局近日发布通知，将山西省山阴县桑干河等22处湿地列入国家重要湿地名录。至此，我国国家重要湿地已达80处。近年来，我国持续推进湿地保护修复，组织实施湿地保护修复项目3700多个，新增和修复湿地100多万公顷。全国共指定国际重要湿地82处、认证国际湿地城市22个、认定80处国家重要湿地和1205处省级重要湿地，初步构建起湿地分级管理体系。（央视新闻）,,"机床制造,玻璃,白酒,出版业",0
2025-10-20,农药、化肥板块异动拉升，六国化工涨停，川金诺、湖北宜化、川发龙蟒、宏达股份、澄星股份等纷纷走高。,"000422.SZ,002312.SZ,600078.SH,600470.SH,300505.SZ,600331.SH","化工原料,农药化肥,水力发电",0
2025-10-20,10月18日至19日，辽宁省与中国核工业集团有限公司、中国兵器工业集团有限公司和中国石油天然气集团有限公司在北京分别举行工作会商。辽宁省委书记许昆林说，希望中央企业继续把辽宁放在战略布局中的重要位置，创新合作模式，提升合作层次，加快推进重点合作项目建设，围绕国家“十五五”战略导向和支持重点，进一步加大在辽投资力度，布局落地更多重大项目，带动配套产业协同发展，拓展科技创新、新兴产业等领域合作，实现更高水平的互利共赢，携手为国家发展大局作出更大贡献。我们将持续打造一流营商环境，以“政府所能”匹配“企业所需”，全力提供及时、精准、高效的服务保障，助力广大中央企业高质量发展。（辽宁日报）,601857.SH,"航空,百货,通信设备,银行,特种钢,铝,普钢,石油开采,煤炭开采,专用机械",0
2025-10-20,10月20日，宇树科技官宣发布H2仿生人形机器人，该款机器人高180cm，重70kg。海报中，机器人摆出专业的芭蕾舞动作，配以“Agile（敏捷）”、“Elegant（优雅）”的标注，并配备31个关节。,300024.SZ,专用机械,0
2025-10-20,企查查APP显示，近日，内蒙古东方国信智算科技有限公司成立，法定代表人为韩野，注册资本1亿元，经营范围包括网络与信息安全软件开发、第一类增值电信业务、第二类增值电信业务等。企查查股权穿透显示，该公司由东方国信全资持股。（人民财讯）,300166.SZ,"证券,出版业,软件服务,电器仪表,医药商业,化工原料,互联网",0
2025-10-20,企查查APP显示，近日，中广核粤东（陆丰）核电有限公司成立，注册资本1亿元，经营范围包含：发电机及发电机组销售；机械设备销售等。企查查股权穿透显示，该公司由中国广核全资持股。,003816.SZ,"新型电力,化工原料,专用机械",0
2025-10-20,韩国政府表示，因上月底国家信息资源管理院起火而瘫痪的政务系统至今修复过半，线上行政服务进入“逐步恢复阶段”。韩联社援引韩国中央灾难安全对策本部的话报道，截至20日上午9时，709个受影响的政务系统中已有373个恢复运行。其中，因用户多、影响大等原因被列为“一级”的系统有77.5%恢复正常。韩国行政安全部长官尹昊重在中央灾难安全对策本部会议上说：“随着政府行政数据系统的恢复率超过50%，相关进程正逐步进入恢复阶段。”（央视新闻）,,"软件服务,钢加工,百货,电信运营,水务",0
2025-10-20,中际旭创成交额达200亿元，现涨7.37%。,300308.SZ,"通信设备,工程机械",0
2025-10-20,企查查APP显示，近日，上海德迩象网机器人有限公司成立，法定代表人为罗来军，注册资本为2000万元，经营范围包含：智能机器人的研发；智能机器人销售；工业机器人销售；服务消费机器人销售；人工智能硬件销售等。企查查股权穿透显示，该公司由上海德一创驭科技合伙企业（有限合伙）、德尔股份全资子公司上海德迩几微新技术有限公司共同持股。,"300024.SZ,300473.SZ","家用电器,化学制药,通信设备,汽车配件,多元金融,机械基件,半导体,专用机械",0
2025-10-20,燃气板块午后进一步上扬，国新能源涨停走出5天4板，大众公用此前涨停，凯添燃气、长春燃气、洪通燃气跟涨。消息面上，受下半年最强冷空气持续影响，城市燃气与储备库补库需求持续上升，叠加周末部分液厂暂停出货——包括华新阳泉液化（设计产能50万方/天）、华新襄垣液化（设计产能50万方/天）和山西金烨焦化（设计产能60万方/天），导致局部供应明显收紧。,"605169.SH,600333.SH,600635.SH,600617.SH,920010.BJ","供气供热,出版业,建筑工程,白酒,电气设备",0
2025-10-20,10月20日，上海2025年第八批次集中土拍举行。澎湃新闻记者从上海市规划和自然资源局获悉，当天上午，位于徐汇滨江的WS5单元188N-I-21地块已成功拍卖。该地块用途为普通商品房，出让面积2公顷，建筑面积3.01万平方米，共3位竞买人报名，起始总价40.59亿元，起始楼面单价13.5万元/平方米，成交总价44.65亿元，成交楼面单价14.85万元/平方米，溢价率10%，竞得人为杭州中海宏鲲房地产有限公司。该企业由中海企业发展集团有限公司100%持股。（澎湃新闻）,,"电气设备,石油开采,区域地产,半导体",0
2025-10-20,截至目前，ETF两市成交额报3518.14亿元，分类型来看，股票型ETF成交额839.6亿元，债券型ETF成交额1610.63亿元，货币型ETF成交额309.66亿元，商品型ETF成交额138.77亿元，QDII型ETF成交额372.66亿元。其中，成交额最高的非货币型ETF分别是易方达中证香港证券投资主题ETF（513090）、恒生科技（513130）、华夏恒生科技ETF(qdii)（513180），成交额分别为94.70亿元、48.25亿元、44.22亿元。,,"软件服务,园区开发",0
2025-10-20,英特尔Gaudi 3 AI加速器在2024年4月发布后，长期滞销，仓库积压。英特尔为提振其销量，重新设计了一款Gaudi 3混合型AI机架解决方案，并在2025 OCP全球峰会上进行了展示。该解决方案融合了英特尔Gaudi 3 AI加速器、英伟达Blackwell B200 GPU与英伟达ConnectX网络技术。当采用该解决方案进行大模型推理时，B200将负责推理过程中的预填充阶段，而解码阶段则由Gaudi 3承担。 (科创板日报),,"其他建材,建筑工程,机械基件",0
2025-10-20,据同花顺iFinD数据，沪深京三市成交额超1.2万亿元，较上日此时缩量370亿元，预计全天成交金额约1.9万亿元。截至目前，沪市成交额5259亿元，深市成交额6660亿元，北证50成交额81亿元。,300033.SZ,"汽车配件,软件服务",0
2025-10-20,海口市交通运输和港航管理局10月20日12时发布通告：根据最新气象预报，受今年第24号台风“风神”和冷空气共同影响，海口新海港、秀英港和铁路南港停运时间由原定的10月20日14时调整至10月20日20时。停运时间是指最后发船时间，请至少提前1至2小时到港检票。预计停运将持续至10月23日前后（具体复运时间视气象情况而定）。请有过海需求的司机旅客合理安排行程，提前预约购票，避开停航时段过海。,,"汽车配件,化学制药,银行",0
2025-10-20,旅游及酒店板块午后拉升，长白山涨停，大连圣亚此前封板，天府文旅、西藏旅游、锦江酒店跟涨。,"600593.SH,600749.SH,000558.SZ,600754.SH,603099.SH","供气供热,水运,酒店餐饮,区域地产,旅游景点",0
2025-10-20,据SMM了解，受近期会议以及丰/枯水期电价影响，多晶硅国内西南地区部分基地于近日开始逐渐减少原料投放量，预计将在10月底-11月初完全停产，目前涉及产能约32万吨/年。,,证券,0
2025-10-20,据深圳海关统计，今年前三季度，深圳累计进出口规模保持内地外贸城市首位，达3.36万亿元人民币，继续保持正增长，同比增长0.1%。其中，出口2.04万亿元；进口1.32万亿元，增长8.4%。（21财经）,,"出版业,互联网,小金属",0
2025-10-20,2025国际冬季运动博览会近日在北京首钢园举行，会上发布的报告预计2025年中国冰雪产业规模将突破万亿元大关，达到10053亿元。随着中国针对部分国家免签政策落地，2024至2025雪季全国雪场接待入境客流达81.7万人次，中国冰雪产业创业、创新热情也持续火热，冰雪培训产业受关注。,,"银行,铝,普钢,环境保护,玻璃,专用机械",0
2025-10-20,今天，安徽蚌埠综合保税区顺利通过国家七部委组成的联合验收组正式验收，标志着安徽省第六个、皖北地区首个综合保税区正式具备封关运行条件。据了解，蚌埠综合保税区于2024年7月28日获国务院批复设立，规划面积1.26平方公里，该区规划建设保税加工、保税物流、保税研发、保税服务和海关查验五大功能区，重点围绕电子信息、汽车零部件、新能源、新材料等主导产业和战略性新兴产业发展。封关运行后，蚌埠综合保税区将依托蚌埠市的全国性综合交通枢纽优势，充分发挥“国家级高新区+自贸试验区+综保区”的政策叠加优势，吸引带动上下游产业链延伸。在发展对外贸易、吸引外商投资、促进产业转型升级等方面发挥重要推动作用，同时通过更好承接长三角产业转移，构建陆海内外联动开放格局，打造内陆改革开放新高地。（央视新闻）,,"橡胶,软件服务,航空,园区开发,水务,银行,汽车配件,电气设备,仓储物流,半导体",0
2025-10-20,据报道，微软已向英特尔下达其下一代AI芯片Maia 2的晶圆代工订单，计划采用18A或18A-P制程。该芯片将用于微软Azure数据中心等AI基础设施。（科创板日报）,,"其他建材,软件服务,机械基件",0
2025-10-20,现在各地的机场越来越多、航线也更加四通八达。这五年，我国民航每年投入基础设施的资金均超过1000亿元，京津冀、长三角、粤港澳、成渝四大世界级机场群建设已经初具规模。国内航线达到4513条，通航城市超260个。这五年，全疆运输机场密度由“十三五”末的每10万平方公里1.3个增至1.7个，完成旅客吞吐量超1.7亿人次。新疆已形成全国覆盖面积最广、支线机场最多的机场体系，运输机场数量达28个，省级行政单元内民用机场数量居全国第一位。 （央视新闻）,,"供气供热,出版业,银行,汽车配件,医药商业,半导体",0
2025-10-20,近日，永辉超市槐房万达广场店完成“学习胖东来”自主调改正式开业，成为北京第14家调改门店。此前，永辉超市在商品战略季最新品质成果发布会上公布了“调改成绩单”：截至今年8月22日，永辉超市的调改店为168家，9月有至少30家门店完成调改。（新京报）,601933.SH,"染料涂料,工程机械,银行,超市连锁",2
2025-10-20,记者今天从国家统计局了解到，今年以来，更加积极有为的宏观政策有效实施，“两新”“两重”政策加力扩围，扩大内需、活跃资本市场、整治“内卷”等一系列政策发力显效，既为当前经济运行“稳底盘”，也为长远发展“蓄势增能”。据介绍，更加积极有为的宏观政策有效实施，促进产业优化升级。前三季度设备工器具购置投资同比增长14.0%，拉动全部投资增长2.0个百分点，持续保持两位数增长，是拉动投资的重要支点。与设备更新相关的计算机及办公设备制造业、通用设备制造业、铁路船舶航空航天和其他运输设备制造业投资分别增长7.4%、11.8%、22.3%。（央视新闻）,,"汽车配件,软件服务,矿物制品,半导体",2
2025-10-20,苹果公司据称正在调查苹果音乐（Apple Music）和苹果电视+（Apple TV+）的相关问题。（财联社）,,其他,0
2025-10-20,国家统计局新闻发言人付凌晖表示，尽管三季度GDP同比增长4.8%，比二季度有所回落，主要是外部环境复杂严峻、国内结构调整压力较大等因素共同作用的结果，但经济稳中有进的发展态势没有变。前三季度，就业形势总体稳定，物价运行有所改善，国际收支保持总体平衡。从发展质量看，经济转型升级态势持续。三季度，规模以上高技术制造业增加值同比增速明显快于全部工业，信息传输、软件和信息技术服务业增加值增长11.7%，比上年同期加快1.7个百分点。机器人、3D打印设备等智能产品，绿色设备及绿色材料等产品产量持续较快增长。展望下阶段，实现全年预期目标仍有较多有利条件。（央视新闻）,300024.SZ,"软件服务,化学制药,通信设备,机械基件,环境保护,玻璃,专用机械",0
2025-10-20,在国庆中秋假期，我国有超24亿人次跨区域出行，平均每天有3亿多人次要使用交通工具。其中，全国铁路累计发送旅客达到2.13亿人次，平均每天发送近1800万人次。CR450动车组样车已发布并完成多项试验，跑出了动车组单列时速453公里、相对交会时速896公里的最新纪录。目前，CR450动车组正在沪渝蓉高铁开展运用考核，以确保在指标合格的前提下，跑够60万公里后才能载客运营。研发人员通过持续精进，使CR450动车组的阻力减小了22%，从起步到提速至时速350公里，仅需4分40秒。预计明年将在成渝中线展开更接近运营条件的全面测试。（央视新闻）,,"汽车配件,银行,运输设备",0
2025-10-20,今年前三季度，浙江外贸进出口总值4.17万亿元，同比增长6.2%，其中出口3.16万亿元，增长8.3%；进口10151.5亿元，增长0.2%；三项指标分别站上4万亿元、3万亿元、1万亿元台阶，均创历史同期新高，居第3、第2、第6位。（浙江发布）,,机床制造,2
2025-10-20,当地时间10月19日，美国副总统万斯表示，美国总统特朗普尚未决定向乌克兰提供“战斧”导弹。有记者问这是出于何种考量，万斯表示，特朗普的考虑是，要首先保证美国自己的安全，为美国保留关键的武器系统。（央视新闻）,,其他,0
2025-10-20,爱企查App显示，近日，宁德时代（洛阳）新能源科技有限公司成立，法定代表人为来永杰，注册资本20亿元人民币，经营范围包括电池制造、电池销售、新兴能源技术研发、新材料技术研发等。股东信息显示，该公司由宁德时代旗下四川时代新能源科技有限公司全资持股。,300750.SZ,"软件服务,航空,路桥,通信设备,铝,小金属,电气设备,互联网,运输设备",0
2025-10-20,比特币拉升突破11万美元/枚，日内涨1.6%。,,其他,0
2025-10-20,自然资源部办公厅关于印发《省级国土空间生态修复规划实施评估指南（试行）》的通知各省、自治区、直辖市自然资源主管部门，新疆生产建设兵团自然资源局，中国地质调查局及部其他直属单位，部有关司局：《省级国土空间生态修复规划实施评估指南（试行）》已经部领导同意，现予印发，请在省级国土空间生态修复规划实施评估工作中参照使用。过程中如有问题和建议，请向部国土空间生态修复司反馈。自然资源部办公厅2025年10月9日（自然资源部）,,"供气供热,软件服务,银行,专用机械",0
2025-10-20,*ST宝鹰午间公告，公司收到公司控股股东珠海大横琴集团有限公司的通知，大横琴集团正在筹划公司控制权变更事宜，该事项可能导致公司控股股东、实际控制人发生变更。经公司向深圳证券交易所申请，公司股票自2025年10月20日（星期一）开市起停牌，预计停牌时间不超过2个交易日。,002047.SZ,"软件服务,建筑工程,装修装饰,小金属,电气设备,饲料,专用机械",0
2025-10-20,港股午间收盘，恒生指数涨2.41%，恒生科技指数涨3.21%。港股科技ETF（159751）涨2.3%，恒生港股通ETF（159318）涨2.1%。板块方面，客运航空公司、生命科学工具板块涨幅靠前；酒店和度假村REIT板块跌幅靠前。个股方面，三花智控涨6.79%，中国国航涨5.95%，网易-S涨5.54%，金沙中国有限公司涨5.42%，阿里巴巴-W涨4.99%，中兴通讯涨4.8%，阿里巴巴-WR涨4.8%，华虹半导体涨4.62%，蔚来-SW涨4.47%，友邦保险涨4.42%，科伦博泰生物-B涨4.36%，迅销涨4.28%，中芯国际涨4.27%，创科实业涨4.25%，京东健康涨4.2%，中通快递-W涨4.14%，银河娱乐涨4.11%；赤峰黄金跌5.42%，老铺黄金跌6.22%；中庆股份涨13.06%，大众公用涨10.77%。,"000063.SZ,002050.SZ,601111.SH,600988.SH,688981.SH,600635.SH","空运,供气供热,软件服务,其他建材,黄金,家用电器,百货,水运,化学制药,通信设备,中成药,汽车整车,元器件,玻璃,半导体,专用机械",0
2025-10-20,中国共产党第二十届中央委员会第四次全体会议20日上午在北京开始举行。中央委员会总书记习近平代表中央政治局向全会作工作报告，并就《中共中央关于制定国民经济和社会发展第十五个五年规划的建议（讨论稿）》向全会作了说明。（新华社）,,"钢加工,百货,银行,专用机械,互联网,半导体",0
2025-10-20,据中国石油报，10月19日，中国石油集团董事长、党组书记戴厚良，总经理、党组副书记周心怀在京会见辽宁省委书记许昆林，省委副书记、省长王新伟一行。戴厚良表示，中国石油将进一步深化与辽宁省发展规划对接、科技创新合作，推动油气与新能源融合发展，加速向“油气热电氢”“炼化生精材”业务结构转型，推进绿色低碳发展，持续开创在辽业务高质量发展新局面，为保障国家能源安全、促进辽宁经济社会发展作出新贡献。许昆林表示，辽宁将持续打造一流营商环境，精准对接“企业所需”与“政府所能”，全力提供及时、精准、高效的服务保障。,601857.SH,"渔业,铝,环境保护,石油开采,电气设备,煤炭开采,专用机械",0
2025-10-20,10月20日，华为FreeClip 2耳夹耳机正式开售，该机搭载自研音频第三代芯片，配备NPU AI处理器，支持离线查找及播报翻译等多种AI功能。,,其他,0
2025-10-20,比特币突破110000美元/枚，日内涨1.31%。以太坊突破4000美元/枚，日内涨0.47%。,,其他,0
2025-10-20,国际数据公司（IDC）预计，到2029年，全球智能眼镜市场出货量将突破4000万台，其中中国市场份额将稳步提升，预计五年复合增长率（2024—2029年）将达到55.6%，增速位居全球首位。,,"玻璃,软件服务,机械基件,专用机械",0
2025-10-20,"台湾股市加权指数涨幅高达1.71%，升至创纪录的27,768.27点。",,其他,0
2025-10-20,*ST宝鹰公告，公司筹划公司控制权变更事项，公司股票于 2025 年 10 月 20 日开市起停牌，预计停牌时间不超过2个交易日。,002047.SZ,"软件服务,装修装饰,专用机械",0
2025-10-20,据国开行官微，国家开发银行认真贯彻落实党中央、国务院关于设立新型政策性金融工具的决策部署，在国家发展改革委、财政部、中国人民银行、金融监管总局指导下，加快推动新型政策性金融工具落地见效。9月29日，经监管部门同意，国开行全额出资成立国开新型政策性金融工具有限公司，并实现首批投放271.1亿元。截至10月17日，国开新型政策性金融工具已投放1893.5亿元，重点支持经济大省挑大梁，并加大对民间投资和新质生产力领域支持力度，预计可拉动项目总投资2.8万亿元。,,"百货,全国地产,电器仪表,新型电力,互联网,专用机械",0
2025-10-20,据港交所文件：广东金添动漫股份有限公司向港交所提交上市申请书。,,普钢,0
2025-10-20,离岸人民币香港银行同业拆息(CNH HIBOR)周一显示：主要期限利率多数下行；其中隔夜HIBOR回落9个基点至1.43939%，创10月15日以来新低。一周期的HIBOR小升至1.57697%，两周期HIBOR升至1.60000%，一年期HIBOR跌至1.92697%。,,互联网,2
2025-10-20,A股三大指数早盘集体上涨，截至午盘，上证指数涨0.69%，深成指涨1.38%，创业板指涨2.49%，北证50涨0.42%。沪深京三市半日成交额11709亿元，较上日缩量181亿元。全市场超4200只个股上涨。板块题材方面，电机、煤炭开采加工、CPO、脑机接口、电池板块涨幅居前；黄金概念、银行、猪肉、稀土永磁板块跌幅居前。盘面上，CPO、铜缆高速连接等算力硬件股集体爆发，剑桥科技、景旺电子、汇绿生态涨停，中际旭创、天孚通信、仕佳光子涨幅居前。煤炭开采加工板块延续强势，大有能源7天6板，云煤能源封板。电机板块同样表现活跃，大洋电机、华瑞股份双双涨停。此外，脑机接口、电池、创新药等板块盘中均异动拉升。黄金、有色金属板块多数调整，白银有色、湖南白银盘中双双跌停，西部黄金、萃华珠宝、曼卡龙跌幅居前。,"300626.SZ,300394.SZ,603083.SH,601069.SH,603228.SH,001267.SZ,002249.SZ,688313.SH,600403.SH,601212.SH,300308.SZ,002716.SZ,300945.SZ,002731.SZ,600792.SH","焦炭加工,黄金,铜,园区开发,建筑工程,通信设备,农药化肥,铝,元器件,化工原料,小金属,工程机械,电气设备,环境保护,服饰,煤炭开采",0
2025-10-20,ETF午间收盘涨跌不一，日经ETF（513520）领涨5.22%，创业板人工智能ETF华宝（159363）涨4.50%，创业板人工智能ETF华安（159279）涨4.48%，黄金股票ETF（517400）领跌4.35%，黄金股ETF基金（159315）跌3.81%，黄金股ETF（159562）跌3.79%。,,"电气设备,证券,机械基件,环境保护",0
2025-10-20,截至目前，ETF两市成交额报3339.51亿元，分类型来看，股票型ETF成交额801.3亿元，债券型ETF成交额1541.14亿元，货币型ETF成交额294.88亿元，商品型ETF成交额132.91亿元，QDII型ETF成交额349.26亿元。其中，成交额最高的非货币型ETF分别是易方达中证香港证券投资主题ETF（513090）、恒生科技（513130）、华夏恒生科技ETF(qdii)（513180），成交额分别为91.44亿元、45.14亿元、40.34亿元。,,"软件服务,园区开发",0
2025-10-20,影视院线板块拉升，博纳影业涨停，慈文传媒、幸福蓝海、捷成股份、百纳千成、金逸影视跟涨。,"300528.SZ,300291.SZ,001330.SZ,300182.SZ,002905.SZ,002343.SZ","电气设备,影视音像",0
2025-10-20,根据Counterpoint Research的数据，iPhone 17系列在美国和中国上市的前10天销量比iPhone 16系列高出14%。数据显示，标准版iPhone 17的需求远高于去年799美元的iPhone 16机型。Counterpoint的分析师将其归功于改进的显示屏、更大的存储空间和升级的A19芯片。高级分析师伊万·林（Ivan Lam）表示：“消费者对基本款iPhone 17的改进和升级产生了共鸣。”“在中国，首发期的销量几乎是iPhone 16基本款的两倍，这种良好势头将持续到10月份。”在苹果产品线的另一端，iPhone 17 Pro Max的需求也很强劲，尤其是在美国。,,"软件服务,纺织机械,专用机械",0
2025-10-20,汽车芯片生态大会暨中国汽车芯片标准检测认证联盟2025年会将于10月28日在深圳召开，届时，思瑞浦将与中汽芯（深圳）科技有限公司（简称“中汽芯”）签署战略合作协议。双方明确，将依托在芯片设计、测试验证及车规级标准研究等领域的核心优势，联合构建覆盖标准研究与建设、测试技术开发与验证、科研课题协同攻关及产业生态共建的全方位合作体系。通过在汽车通信、驱动、电源等关键芯片领域的深度协作，充分发挥双方在技术、人才与资源方面的互补优势，推动车规级芯片在功能安全、信息安全及可靠性等方向的标准化落地，促进我国汽车芯片产业的体系化建设与高质量发展。中汽芯是由中汽中心下属中汽研科技有限公司，与中国国新下属国新发展投资管理有限公司联合打造的车规级芯片中试验证公共服务平台运营实体。,688536.SH,"供气供热,软件服务,造纸,汽车服务,建筑工程,银行,水务,纺织机械,电器仪表,农业综合,小金属,半导体,专用机械",0
2025-10-20,考虑到金价持续上涨对成本的影响，记者从周大福获悉，集团计划在10月底提高定价黄金产品的零售价格，大多数产品的提价幅度预计在12%-18%。周大福方面表示，集团设有机制密切监测金价波动，并适时作出价格调整，以应对市场变化。（第一财经）,,"医药商业,服饰",0
2025-10-20,从成都住房公积金管理中心了解到，成都将从扩大人才支持范围、提高最高贷款额度、加大租房支持力度三个方面，进一步优化住房公积金支持人才安居。 扩大人才支持范围方面，享受人才支持政策的范围从“天府英才卡”A卡持卡人延伸至符合《成都市人才分类目录》并经认定的A、B、C、D类人才（以下简称成都人才）。为助推成渝地区双城经济圈建设，持“渝才荟”A、B、C、D人才码或新重庆人才卡A、B、C、D类人才（以下简称重庆人才）纳入支持范围。 提高最高贷款额度方面，成都人才和重庆人才使用住房公积金贷款购买成都市行政区域内新建商品住房或再交易住房，单、双缴存人最高贷款额度可对应提高至4倍。 即由现行的单人60万元、双人100万元提高至单人240万元、双人400万元，与多子女家庭和“以旧换新”购房等贷款额度上浮政策不叠加。实际可贷额度按照最高贷款额度、贷款额度计算公式、扣除首付款金额后剩余的房屋价款、还贷能力系数、信用状况等规定，综合评估借款申请人实际情况后确定。（四川日报）,,"路桥,银行,IT设备,旅游景点,半导体",0
2025-10-20,当地时间20日，总台报道员获悉，相关人士透露，当天上午，日本自民党总裁高市早苗与日本维新会代表吉村洋文通电话，双方就联合执政事宜已实质上基本达成一致。据称，高市早苗与吉村洋文将于当地时间20日晚些时候举行两党党首会谈，签署相关协议，正式确立联合执政。（央视新闻）,,"水务,食品",0
2025-10-20,截至目前，ETF两市成交额超3000亿元，报3000.20亿元，分类型来看，股票型ETF成交额762.7亿元，债券型ETF成交额1307.29亿元，货币型ETF成交额272.97亿元，商品型ETF成交额123.55亿元，QDII型ETF成交额331.77亿元。其中，成交额最高的非货币型ETF分别是易方达中证香港证券投资主题ETF（513090）、恒生科技（513130）、华夏恒生科技ETF(qdii)（513180），成交额分别为84.46亿元、43.51亿元、38.63亿元。,,"软件服务,园区开发",0
2025-10-20,韩国KOSPI指数延续早盘涨势，最新上涨1.3%，报3798.15点。,,其他,0
2025-10-20,记者从自然资源部获悉，受强冷空气和今年第24号台风“风神”（热带风暴级）的共同影响，预计10月20日上午到21日上午，东海南部、台湾海峡、南海北部将出现5到7米的巨浪到狂浪区。对此，国家海洋预报台根据《海洋灾害应急预案》发布海浪橙色警报和风暴潮黄色警报。请在上述海域作业的船只注意安全，沿海各有关单位提前采取防浪避浪措施。（央视新闻）,,"钢加工,化学制药,港口,汽车配件,多元金融,元器件,环境保护",0
2025-10-20,10月20日，根据《国家药监局关于〈已使用化妆品原料目录〉管理有关事项的公告》，国家药监局对《已使用化妆品原料目录》（以下简称《目录》）进行第二次动态调整。月桂酰丙氨酸、聚甲基倍半硅氧烷/三甲基硅烷氧基硅酸酯、双-鲸蜡硬脂基氨端聚二甲基硅氧烷等3个化妆品新原料安全监测期已满3年，经评估符合《化妆品监督管理条例》等相关规定，纳入《目录》Ⅱ。《目录》Ⅰ对有关原料的中文名称或者INCI名称/英文名称予以规范等。此外，《目录》查询页面增加了“修订建议”功能，方便行业企业和公众提出意见和建议。国家药监局将对收集到的意见认真组织研究、吸纳，积极推动《目录》持续修订完善。(国家药品监督管理局),,"出版业,化工原料",0
2025-10-20,截至目前，ETF两市成交额超2500亿，报2503.38亿元，分类型来看，股票型ETF成交额702亿元，债券型ETF成交额968.19亿元，货币型ETF成交额238.56亿元，商品型ETF成交额108.92亿元，QDII型ETF成交额302.04亿元。其中，成交额最高的非货币型ETF分别是易方达中证香港证券投资主题ETF（513090）、恒生科技（513130）、华夏恒生科技ETF(qdii)（513180），成交额分别为76.62亿元、40.92亿元、35.53亿元。,,"软件服务,园区开发",0
2025-10-20,港股半导体板块持续走强，上海复旦涨超8%，中芯国际、华虹半导体涨超5%。,688981.SH,"玻璃,化学制药,半导体",0
2025-10-20,天眼查工商信息显示，近日，宁德时代（洛阳）新能源科技有限公司成立，法定代表人为来永杰，注册资本20亿人民币，经营范围包括电池制造、电池销售、新兴能源技术研发、新材料技术研发等。股东信息显示，该公司由宁德时代旗下四川时代新能源科技有限公司全资持股。,300750.SZ,"软件服务,航空,路桥,通信设备,银行,铝,小金属,电气设备,互联网,运输设备",0
2025-10-20,据同花顺iFinD数据，沪深京三市成交额超1万亿元，预计全天成交金额约1.9万亿元。截至目前，沪市成交额4379亿元，深市成交额5560亿元，北证50成交额67亿元。,300033.SZ,"汽车配件,软件服务",0
2025-10-20,记者从自然资源部获悉，受强冷空气和今年第24号台风“风神”（热带风暴级）的共同影响，预计10月20日上午到21日上午，东海南部、台湾海峡、南海北部将出现5到7米的巨浪到狂浪区。对此，国家海洋预报台根据《海洋灾害应急预案》发布海浪橙色警报和风暴潮黄色警报。请在上述海域作业的船只注意安全，沿海各有关单位提前采取防浪避浪措施。(央视新闻),,"钢加工,化学制药,港口,汽车配件,多元金融,元器件,环境保护",0
2025-10-20,中际旭创盘中一度涨超12%，天孚通信一度涨超12%，新易盛一度涨超9%。花旗称光模块行业需求存在潜在上行可能，且股价调整后买入机会增强。花旗表示，观察到VR200 NVL144机架的1.6T光模块GPU配比或从1:2.5提升至1:5，意味着若供应商能及时跟上订单，其2026年行业需求可能从800万只增至2000万只以上。由于光模块供应短缺可能加剧，行业平均售价或出现同比持平，这也构成另一项上行风险。考虑到ASIC/GPU加速器周期中光模块配比提升的趋势仍在，中际旭创和新易盛2026年经调整后16倍的PE估值不算太高。(新浪财经),"300394.SZ,300308.SZ,300502.SZ","电气设备,通信设备,工程机械",0
2025-10-20,日经225指数历史首次突破49000点，日内涨幅扩大至近3%。,,其他,0
2025-10-20,10月19日，小漠国际物流港一片繁忙景象，1380台比亚迪新能源汽车有序开上比亚迪“常州号”滚装船，即将发往巴西。在此之前，比亚迪“开拓者1号”“深圳号”“郑州号”等7艘巨轮已先后在小漠港停靠出海。至此，年运力超百万辆的比亚迪“出海舰队”八艘巨轮陆续亮相小漠港。从2024年“开拓者1号”在深汕首航，到此次成功集齐比亚迪旗下八艘滚装船先后到港作业的“全记录”。今年1-9月，小漠港共出口汽车2.3万辆，超90%货源产自比亚迪深汕基地，是深汕特别合作区“产、运、贸”汽车全产业链深度融合与协同发展的生动缩影。10月，小漠港汽车滚装出口作业量迎来大爆发，根据码头作业计划，月内汽车出口量有望突破1.4万辆。若这一目标顺利达成，将创下小漠港开港以来单月车辆出口量历史新高。（深圳特区报）,002594.SZ,"汽车配件,汽车整车,小金属,电气设备,玻璃,煤炭开采",0
2025-10-20,创新药概念股震荡攀升，我武生物涨超10%，皓元医药涨超9%，富祥药业、常山药业、美迪西跟涨。2025年欧洲肿瘤内科学会（ESMO）年会已于10月17日开幕，多款中国创新药数据在ESMO密集发布，PD1-PLUS双抗、ADC等领域的临床数据达到国际领先水平，引起较高关注，或有望提振创新药新一轮的出海机会。,"688131.SH,300255.SZ,300497.SZ,688202.SH,300357.SZ","软件服务,其他建材,化学制药,生物制药,中成药,铝,玻璃,医疗保健,专用机械",0
2025-10-20,据上海市政府消息，为规范新时代城市建设者管理者之家项目的认定和运营，上海市发布了《新时代城市建设者管理者之家项目认定和运营管理规定（试行）》。该规定自2025年11月1日起施行，适用于通过保障性租赁住房遴选方式筹措的相关项目。项目主要面向城市一线劳动者，提供符合条件的住房。规定明确了项目的遴选、认定、改造、运营和管理等流程，各相关部门需严格按照规定执行，确保项目的示范性和引领性。,,"出版业,银行,电器仪表,半导体,运输设备",2
2025-10-20,截至目前，ETF两市成交额超2000亿元，报2002.19亿元，分类型来看，股票型ETF成交额630.1亿元，债券型ETF成交额679.87亿元，货币型ETF成交额181.24亿元，商品型ETF成交额93.75亿元，QDII型ETF成交额266.81亿元。其中，成交额最高的非货币型ETF分别是易方达中证香港证券投资主题ETF（513090）、恒生科技（513130）、华夏恒生科技ETF(qdii)（513180），成交额分别为57.59亿元、37.15亿元、32.30亿元。,,"软件服务,园区开发",0
2025-10-20,财政部办公厅20日发布通知称，为支持国债做市，提高国债二级市场流动性，健全反映市场供求关系的国债收益率曲线，财政部决定开展国债做市支持操作。,,机床制造,0
